,source,label,message_idx,author,time,text,translated text
0,PJ chats,1,0,decoy,14:40,Hey Its Mads,"decoy: 안녕, 나는 매즈야  "
1,PJ chats,1,0,Billy Joe,14:40,Hey babes,"Billy Joe: 안녕, 자기야  "
2,PJ chats,1,0,Billy Joe,14:41,Almost done with work. So glad,Billy Joe: 거의 일 끝나가. 정말 기뻐  
3,PJ chats,1,0,decoy,14:41,Hey:) that's good right?,decoy: 안녕 :) 그거 좋지?  
4,PJ chats,1,0,Billy Joe,14:42,Yea,Billy Joe: 응  
5,PJ chats,1,0,decoy,14:43,So what's new lol,"decoy: 그래서 새로운 소식은 뭐야, 하하  "
6,PJ chats,1,0,Billy Joe,14:43,Nothing,Billy Joe: 아무것도 없어  
7,PJ chats,1,0,Billy Joe,14:43,did u touch it in the shower. Lol,Billy Joe: 샤워할 때 만졌어? 하하  
8,PJ chats,1,0,decoy,14:44,No had to hurry up lol,"decoy: 아니, 빨리 해야 했어 하하  "
9,PJ chats,1,0,decoy,14:44,Hold on a min,decoy: 잠깐만  
10,PJ chats,1,0,decoy,14:47,Sorry my mom keeps bossing me around lol,"decoy: 미안, 엄마가 계속 나를 괴롭혀  "
11,PJ chats,1,0,Billy Joe,14:47,That sucks,Billy Joe: 그거 짜증나네  
12,PJ chats,1,0,decoy,14:48,Yeah it's annoying. Do u get along with your mom,"decoy: 응, 귀찮아. 너는 엄마랑 잘 지내?  "
13,PJ chats,1,0,Billy Joe,14:48,Kinda..she's nosy,Billy Joe: 그럭저럭.. 그녀는 참견이 심해  
14,PJ chats,1,0,decoy,14:48,Still lol,decoy: 여전히 하하  
15,PJ chats,1,0,Billy Joe,14:49,Yea,Billy Joe: 응  
16,PJ chats,1,0,decoy,14:50,Is it just u and her?,decoy: 너랑 그녀 둘만 있어?  
17,PJ chats,1,0,Billy Joe,14:50,Whatcha doing now,Billy Joe: 지금 뭐 하고 있어?  
18,PJ chats,1,0,Billy Joe,14:51,Yea,Billy Joe: 응  
19,PJ chats,1,0,decoy,14:51,Same here :),decoy: 나도 그래 :)  
20,PJ chats,1,0,Billy Joe,14:51,I know the feeling,Billy Joe: 그 기분 알아  
21,PJ chats,1,0,decoy,14:52,I am getting ready to run out to get my shoes for class. I prob won't be back until after class,decoy: 나는 수업을 위해 신발을 사러 나갈 준비 중이야. 아마 수업 끝나고나서야 돌아올 것 같아  
22,PJ chats,1,0,decoy,14:52,My mom is on my back right now could I call u when I get back,"decoy: 지금 엄마가 나를 괴롭히고 있는데, 돌아오면 전화해도 될까?  "
23,PJ chats,1,0,decoy,14:52,It would be like around 8 or so,decoy: 대략 8시쯤 될 것 같아  
24,PJ chats,1,0,Billy Joe,14:53,Damn,Billy Joe: 젠장  
25,PJ chats,1,0,Billy Joe,14:53,So did u put on some Hot thongs when u Got out of the shower,Billy Joe: 샤워하고 나서 핫한 끈 팬티 입었어?  
26,PJ chats,1,0,decoy,14:53,I think if she is in her room I could sneak a quick call,decoy: 그녀가 방에 있다면 빠르게 전화할 수 있을 것 같아  
27,PJ chats,1,0,Billy Joe,14:53,Cell service sucks at my house,Billy Joe: 우리 집은 휴대폰 신호가 안 좋아  
28,PJ chats,1,0,decoy,14:53,Maybe,decoy: 그럴 수도 있겠네  
29,PJ chats,1,0,decoy,14:54,It does ?,decoy: 정말 그래?  
30,PJ chats,1,0,Billy Joe,14:54,I live near the state forest,Billy Joe: 나는 주립 숲 근처에 살아  
31,PJ chats,1,0,decoy,14:54,So is daytime always better?,decoy: 그럼 낮에는 항상 더 나은 거야?  
32,PJ chats,1,0,Billy Joe,14:54,It's horrible,Billy Joe: 끔찍해  
33,PJ chats,1,0,Billy Joe,14:54,Yes,Billy Joe: 응  
34,PJ chats,1,0,decoy,14:54,Do u see wild animals lol,decoy: 야생 동물도 보니? 하하  
35,PJ chats,1,0,Billy Joe,14:54,Hope U can get out tomorrow,Billy Joe: 내일 나갈 수 있기를 바래  
36,PJ chats,1,0,Billy Joe,14:55,Yes..wild animal s,Billy Joe: 응.. 야생 동물들  
37,PJ chats,1,0,decoy,14:56,I need to make sure my mom isn't home at all and I want to just take a few days to talk more so I feel safer is that ok?,"decoy: 엄마가 집에 없다는 걸 확실히 해야 하고, 좀 더 이야기할 며칠을 갖고 싶어. 그래서 더 안전하게 느낄 수 있을 것 같아, 괜찮아?  "
38,PJ chats,1,0,Billy Joe,14:56,Ok,Billy Joe: 괜찮아  
39,PJ chats,1,0,decoy,14:56,I also want to hear your voice so I know u aren't like a grandpa or something lol,"decoy: 너의 목소리도 듣고 싶어서, 너가 할아버지 같은 사람 아니란 걸 알고 싶어 하하  "
40,PJ chats,1,0,decoy,14:57,R u mad?,decoy: 너 화났어?  
41,PJ chats,1,0,Billy Joe,14:57,Grandfather?,Billy Joe: 할아버지?  
42,PJ chats,1,0,Billy Joe,14:57,I'm not old,Billy Joe: 나는 늙지 않았어  
43,PJ chats,1,0,Billy Joe,14:58,Wish U could call me now for like a min,Billy Joe: 지금 한 분 정도 전화해줬으면 좋겠어  
44,PJ chats,1,0,decoy,14:58,I meant like some creepy 60 yr old pretending to be a young hot guy lol,"decoy: 내가 말한 건, 젊고 매력적인 남자인 척하는 creepy한 60세짜리 같은 사람 말이야 하하  "
45,PJ chats,1,0,Billy Joe,14:58,Send me a couple Pics of u ok,"Billy Joe: 나한테 사진 몇 장 보내줘, 알겠지?  "
46,PJ chats,1,0,decoy,14:58,Then he will use something to sedate me and throw me in the trunk,decoy: 그러면 그 사람이 나를 진정시키고 트렁크에 던져버릴 거야  
47,PJ chats,1,0,decoy,14:58,I wish I could,decoy: 전화하고 싶어  
48,PJ chats,1,0,Billy Joe,14:59,Omg. Never..I hve to walk to the park anyway,Billy Joe: 세상에. 절대.. 어쨌든 나는 공원까지 걸어가야 해  
49,PJ chats,1,0,decoy,14:59,What???,decoy: 뭐라고???  
50,PJ chats,1,0,Billy Joe,15:00,Can't take deliver trucks in there. I hve to like park near mc dounalds,Billy Joe: 그곳에 배달 트럭을 가져갈 수 없어. 나는 맥도날드 근처에 주차해야 해  
51,PJ chats,1,0,decoy,15:00,How big is your truck?,decoy: 너의 트럭은 얼마나 커?  
52,PJ chats,1,0,Billy Joe,15:00,I will be on foot..that should make u feel safeer,Billy Joe: 나는 걸어갈 거야.. 그게 너를 더 안전하게 느끼게 해줄 거야  
53,PJ chats,1,0,decoy,15:01,Lol how fast can u run,decoy: 하하 너는 얼마나 빨리 달릴 수 있어?  
54,PJ chats,1,0,Billy Joe,15:01,It's big. Can't bring trucks this size in the park.,Billy Joe: 커. 이런 크기의 트럭은 공원에 가져갈 수 없어.  
55,PJ chats,1,0,Billy Joe,15:01,I can run..y ?,Billy Joe: 나는 달릴 수 있어.. 왜?  
56,PJ chats,1,0,decoy,15:02,Incase u r crazy and I need to run lol,decoy: 만약 네가 미쳤다면 내가 도망쳐야 하니까 하하  
57,PJ chats,1,0,Billy Joe,15:02,That is y I wanted to see if u were allowed to walk to mc dounalds,Billy Joe: 그래서 내가 너가 맥도날드까지 걸어갈 수 있는지 확인하고 싶었던 거야  
58,PJ chats,1,0,decoy,15:02,So there is no way to call u tonight??,decoy: 그럼 오늘 밤 너에게 전화할 방법이 없는 거야??  
59,PJ chats,1,0,Billy Joe,15:03,I'm not crazy silly,"Billy Joe: 나는 미치지 않았어, 바보야  "
60,PJ chats,1,0,Billy Joe,15:03,Phone don't get out at my house. I swear.,Billy Joe: 우리 집에서는 전화가 잘 안 돼. 맹세해.  
61,PJ chats,1,0,decoy,15:03,If my mom isn't home I can walk where ever I want lol,decoy: 엄마가 집에 없으면 어디든지 걸어갈 수 있어 하하  
62,PJ chats,1,0,decoy,15:04,Ok what time u working tomorrow?,decoy: 그럼 내일 몇 시에 일해?  
63,PJ chats,1,0,Billy Joe,15:04,I know it sucks. I'm Soooo sorry. In July phone come is putting a cell tower there tho,Billy Joe: 그거 짜증나. 정말 미안해. 7월에 전화 회사가 그곳에 기지국을 세울 거야  
64,PJ chats,1,0,Billy Joe,15:04,6Am,Billy Joe: 오전 6시  
65,PJ chats,1,0,decoy,15:05,Oh Jeez,"decoy: 오, 제기랄  "
66,PJ chats,1,0,decoy,15:05,U want me to try to call tomorrow than,decoy: 그럼 내일 전화해보라고 할까?  
67,PJ chats,1,0,Billy Joe,15:05,Yeaaa,Billy Joe: 응  
68,PJ chats,1,0,Billy Joe,15:05,Yes,Billy Joe: 응  
69,PJ chats,1,0,Billy Joe,15:06,Damn I wanna see u..lol,"Billy Joe: 젠장, 너를 보고 싶어.. 하하  "
70,PJ chats,1,0,decoy,15:06,Ok. Lol. Can I text u later when my mom isn't around,decoy: 알겠어. 하하. 엄마가 없을 때 나중에 문자해도 될까?  
71,PJ chats,1,0,decoy,15:06,We can soon,decoy: 곧 만날 수 있을 거야  
72,PJ chats,1,0,decoy,15:07,U want me to send u a pic,decoy: 사진 보내줄까?  
73,PJ chats,1,0,Billy Joe,15:07,Well . Since I won't see u today me i will be home by 5,"Billy Joe: 음.. 오늘 너를 못 보니까, 나는 5시까지 집에 있을 거야  "
74,PJ chats,1,0,decoy,15:07,I have to from computer cause can't do from phone right now,decoy: 지금은 전화로 할 수 없어서 컴퓨터로 해야 해  
75,PJ chats,1,0,Billy Joe,15:07,yes....pic,Billy Joe: 응... 사진  
76,PJ chats,1,0,Billy Joe,15:07,Hummmm .ok,Billy Joe: 음.. 알겠어  
77,PJ chats,1,0,decoy,15:08,??,decoy: ??  
78,PJ chats,1,0,Billy Joe,15:08,That u can't Fr. Phone,Billy Joe: 네가 전화로 할 수 없다는 거야  
79,PJ chats,1,0,Billy Joe,15:08,Sucks,Billy Joe: 짜증나  
80,PJ chats,1,0,Billy Joe,15:09,Lol,Billy Joe: 하하  
81,PJ chats,1,0,decoy,15:09,Well normally I can lol,decoy: 보통은 할 수 있어 하하  
82,PJ chats,1,0,decoy,15:09,I have a smart phone,decoy: 나는 스마트폰이 있어  
83,PJ chats,1,0,Billy Joe,15:09,Y can't u,Billy Joe: 왜 못 해?  
84,PJ chats,1,0,Billy Joe,15:10,What's wrong wit phone,Billy Joe: 전화에 뭐가 문제야?  
85,PJ chats,1,0,decoy,15:10,Phone works fine,decoy: 전화는 잘 작동해  
86,PJ chats,1,0,decoy,15:11,My mom got pissed about something I did,decoy: 엄마가 내가 한 일 때문에 화가 나서  
87,PJ chats,1,0,decoy,15:12,And took away the cam somehow. I am supposed to get it back by this weekend,decoy: 카메라를 어떻게든 빼앗아갔어. 이번 주말까지 돌려받기로 되어 있어  
88,PJ chats,1,0,Billy Joe,15:12,But she stopped the pic text on ur cell,Billy Joe: 하지만 그녀가 네 휴대폰에서 사진 문자 전송을 막았구나  
89,PJ chats,1,0,Billy Joe,15:13,Ohhhh ok,"Billy Joe: 아, 알겠어  "
90,PJ chats,1,0,Billy Joe,15:13,Mmmmm...thong Pics..bent over in the mirror...,Billy Joe: 음... 끈 팬티 사진.. 거울에 비친 모습으로 구부린 거...  
91,PJ chats,1,0,Billy Joe,15:13,Or splits..lol,Billy Joe: 아니면 스플릿.. 하하  
92,PJ chats,1,0,decoy,15:13,I think I know how to make it work but worried she will find out and take the whole phone away,"decoy: 어떻게 작동시킬 수 있을 것 같은데, 그녀가 알게 되면 전화기를 아예 빼앗아갈까 걱정이야  "
93,PJ chats,1,0,Billy Joe,15:14,She won't...ur sneaky,Billy Joe: 그녀는 모를 거야... 너는 교활하잖아  
94,PJ chats,1,0,Billy Joe,15:15,Lol,Billy Joe: 하하  
95,PJ chats,1,0,decoy,15:15,Idk lol. Ok I am in car and I don't wanna text u with her here. So u can't even get texts later how about YIM,"decoy: 잘 모르겠어 하하. 지금 차에 있는데, 그녀가 여기 있어서 문자하고 싶지 않아. 그래서 나중에 문자도 못 받는다면 YIM은 어때?  "
96,PJ chats,1,0,Billy Joe,15:16,No net,Billy Joe: 인터넷이 없어  
97,PJ chats,1,0,Billy Joe,15:16,Soooooo sorry,Billy Joe: 정말 미안해  
98,PJ chats,1,0,decoy,15:17,It's fine:) umm how about I text u in the morning then,"decoy: 괜찮아 :) 음, 그럼 아침에 문자할게  "
99,PJ chats,1,0,Billy Joe,15:17,Looking forward to it.,Billy Joe: 기대하고 있어  
100,PJ chats,1,0,Billy Joe,15:17,Will miss U..lol,Billy Joe: 너를 그리울 거야.. 하하  
101,PJ chats,1,0,decoy,15:17,Ok:) it won't be 6 am lol a little later,decoy: 알겠어 :) 오전 6시는 아니고 하하 조금 더 늦게  
102,PJ chats,1,0,Billy Joe,15:18,Ok,Billy Joe: 알겠어  
103,PJ chats,1,0,decoy,15:18,Miss u too and I will try to figure out my moms schedule this week,"decoy: 나도 그리울 거고, 이번 주에 엄마의 일정을 알아보려고 노력할게  "
104,PJ chats,1,0,Billy Joe,15:18,Mwaaaa,Billy Joe: 뽀뽀  
105,PJ chats,1,0,Billy Joe,15:18,I hope u figure it out,Billy Joe: 잘 알아내길 바래  
106,PJ chats,1,0,decoy,15:19,:D ),decoy: :D )  
107,PJ chats,1,0,decoy,15:19,I will,decoy: 그럴게  
108,PJ chats,1,0,Billy Joe,15:19,Delete all..,Billy Joe: 다 지워버려  
109,PJ chats,1,0,decoy,15:20,Already done:):),decoy: 이미 했어 :) :)  
110,PJ chats,1,0,Billy Joe,15:21,Admit it tho. U Want that licked softly don't u. Since we been talking about it. It sounds good Rite.,Billy Joe: 인정해봐. 너도 부드럽게 핥아주길 원하지? 우리가 그 얘기하고 있었잖아. 좋게 들리지?  
111,PJ chats,1,0,decoy,15:21,Yes It does lol,"decoy: 응, 정말 그래 하하  "
112,PJ chats,1,0,Billy Joe,15:22,That's my girl,Billy Joe: 그게 내 여자야  
113,PJ chats,1,0,decoy,15:22,That sounds cool,decoy: 멋지게 들리네  
114,PJ chats,1,0,Billy Joe,15:22,Yes...my girl,Billy Joe: 응... 내 여자  
115,PJ chats,1,0,decoy,15:23,I like it:),decoy: 마음에 들어 :)  
116,PJ chats,1,0,Billy Joe,15:23,Awwwww,Billy Joe: 아웅  
117,PJ chats,1,0,decoy,15:23,<3,decoy: <3  
118,PJ chats,1,0,Billy Joe,15:25,Take sum Pics tonight alone in ur room. Upload them to ur computer so u can send them to me tomorrow ok..will u,"Billy Joe: 오늘 밤 혼자 방에서 사진 좀 찍어. 컴퓨터에 업로드해서 내일 나한테 보내줄 수 있어, 알겠지?  "
119,PJ chats,1,0,Billy Joe,15:26,Wanna see how far U can split...lol,Billy Joe: 너가 얼마나 스플릿할 수 있는지 보고 싶어.. 하하  
120,PJ chats,1,1,decoy,6:38,Hey lol,decoy: 안녕 ㅋㅋ  
121,PJ chats,1,1,Billy Joe,6:38,Hey mads,"Billy Joe: 안녕, 매드  "
122,PJ chats,1,1,Billy Joe,6:38,Wrote U on mm,Billy Joe: 너한테 메시지 썼어  
123,PJ chats,1,1,decoy,6:39,Hi,decoy: 안녕  
124,PJ chats,1,1,Billy Joe,6:39,Whatcha up 2,Billy Joe: 뭐하고 있어?  
125,PJ chats,1,1,decoy,6:39,I know I was on there too and sent u a message but it's too annoying to type in there lol,"decoy: 나도 거기 있었고 너한테 메시지를 보냈는데, 거기서 타이핑하는 게 너무 귀찮아 ㅋㅋ  "
126,PJ chats,1,1,decoy,6:40,So I switched,decoy: 그래서 바꿨어  
127,PJ chats,1,1,decoy,6:40,R u mad at me,decoy: 나한테 화났어?  
128,PJ chats,1,1,Billy Joe,6:41,No,Billy Joe: 아니  
129,PJ chats,1,1,decoy,6:41,Just woke up lol,decoy: 방금 일어났어 ㅋㅋ  
130,PJ chats,1,1,Billy Joe,6:41,Annoying?,Billy Joe: 귀찮아?  
131,PJ chats,1,1,decoy,6:42,Texting thru Meetme is annoying lol,decoy: Meetme로 문자하는 게 귀찮아 ㅋㅋ  
132,PJ chats,1,1,Billy Joe,6:42,What's the difference writing in there,Billy Joe: 거기서 쓰는 것과 뭐가 달라?  
133,PJ chats,1,1,decoy,6:43,It takes longer idk Im so weird haha,"decoy: 시간이 더 걸려, 모르겠어, 나 진짜 이상해 ㅋㅋ  "
134,PJ chats,1,1,Billy Joe,6:43,It's ok,Billy Joe: 괜찮아  
135,PJ chats,1,1,decoy,6:44,So I can't call u around 6?,decoy: 그럼 6시쯤 너한테 전화할 수 없어?  
136,PJ chats,1,1,Billy Joe,6:44,Can u send Pics Fr your com,Billy Joe: 너의 컴퓨터 사진을 보내줄 수 있어?  
137,PJ chats,1,1,decoy,6:44,Yeah,decoy: 응  
138,PJ chats,1,1,Billy Joe,6:46,I wake up 4 am every day at work by 5:45 am. Home by 5:30 at night.,Billy Joe: 나는 매일 아침 4시에 일어나고 5:45에 출근해. 저녁 5:30에 집에 와.  
139,PJ chats,1,1,Billy Joe,6:46,Mom gets dinner ready by then,Billy Joe: 그때쯤 엄마가 저녁을 준비해  
140,PJ chats,1,1,decoy,6:46,Oh ok,"decoy: 아, 알겠어  "
141,PJ chats,1,1,decoy,6:47,Well I can just keep trying lol to find a time to call during the day,decoy: 그럼 낮에 전화할 시간을 찾으려고 계속 시도할 수 있어 ㅋㅋ  
142,PJ chats,1,1,Billy Joe,6:48,Sounds good,Billy Joe: 좋다
143,PJ chats,1,1,decoy,6:49,I have to kinda wait and see cause if I ask her too many ?s about where she is going she knows I'm up to no good lol,decoy: 나는 좀 기다려야 할 것 같아. 왜냐하면 그녀가 어디로 가는지에 대해 너무 많은 질문을 하면 내가 나쁜 짓을 꾸미고 있다는 걸 알기 때문이야 ㅋㅋ  
144,PJ chats,1,1,Billy Joe,6:49,U said u can send Pics from Ur computer. Will u,Billy Joe: 너는 너의 컴퓨터에서 사진을 보낼 수 있다고 했어. 보낼 거야?  
145,PJ chats,1,1,decoy,6:49,U sure u aren't mad at me?,decoy: 나한테 화난 거 아니지?  
146,PJ chats,1,1,Billy Joe,6:49,No..not mad,Billy Joe: 아니.. 화난 거 아냐  
147,PJ chats,1,1,decoy,6:49,Yes I will,"decoy: 응, 보낼게  "
148,PJ chats,1,1,decoy,6:50,I feel kinda bad In really sorry,"decoy: 좀 미안해, 정말 미안해  "
149,PJ chats,1,1,Billy Joe,6:50,When baby,Billy Joe: 언제?  
150,PJ chats,1,1,Billy Joe,6:50,Bad?,Billy Joe: 나쁜 거야?  
151,PJ chats,1,1,Billy Joe,6:50,Y,decoy: 응  
152,PJ chats,1,1,decoy,6:50,I do want to see u and I am trying,decoy: 나는 너를 보고 싶고 노력하고 있어  
153,PJ chats,1,1,Billy Joe,6:50,I kno,Billy Joe: 알아  
154,PJ chats,1,1,decoy,6:51,So u still like me,decoy: 그럼 너는 아직 나를 좋아하는 거야?  
155,PJ chats,1,1,Billy Joe,6:51,Just Wanna Make sure Ur not Gonna turn me in..wish I knew a way u could prove U won't,Billy Joe: 그냥 네가 나를 고발하지 않을 거라는 걸 확실히 하고 싶어.. 네가 그렇게 하지 않을 거라는 걸 증명할 방법이 있었으면 좋겠어  
156,PJ chats,1,1,decoy,6:53,I won't thou,decoy: 나는 절대 고발하지 않을 거야  
157,PJ chats,1,1,Billy Joe,6:53,I do know a way I could trust U. Can u Take Pics. Upload to ur computer then send them to me. What ever Pics U Take and add to ur computer. U can eras so mom don't see them. Lol,Billy Joe: 내가 너를 믿을 수 있는 방법을 알아. 사진을 찍어서 컴퓨터에 업로드한 다음 나한테 보내줄 수 있어? 네가 찍은 모든 사진을 컴퓨터에 추가할 수 있어. 엄마가 보지 않도록 지울 수 있어 ㅋㅋ  
158,PJ chats,1,1,decoy,6:53,My mom would go crazy on me,decoy: 내 엄마는 나한테 미쳐버릴 거야  
159,PJ chats,1,1,decoy,6:54,I won't even tell my BF,decoy: 나는 내 남자친구한테도 말하지 않을 거야  
160,PJ chats,1,1,Billy Joe,6:54,Yeah and u would ruiened my life....forever,"Billy Joe: 그래, 그리고 너는 내 인생을 망칠 거야... 영원히  "
161,PJ chats,1,1,Billy Joe,6:54,Your best friend.. or boy friend?,Billy Joe: 너의 가장 친한 친구.. 아니면 남자친구?  
162,PJ chats,1,1,decoy,6:55,Best friend lol,decoy: 가장 친한 친구 ㅋㅋ  
163,PJ chats,1,1,decoy,6:55,I don't have my cam right now all I have are some pics on the computer,"Billy Joe: 지금 카메라가 없고, 컴퓨터에 있는 몇 장의 사진만 있어  "
164,PJ chats,1,1,Billy Joe,6:56,No..no one..plz,Billy Joe: 아니.. 아무도.. 제발  
165,PJ chats,1,1,decoy,6:56,I can call u so u can hear my voice but it can't be when mom is here,"decoy: 너의 목소리를 들을 수 있도록 전화할 수 있지만, 엄마가 있을 때는 안 돼"
166,PJ chats,1,1,decoy,6:57,I won't tell anyone,decoy: 나는 아무에게도 말하지 않을 거야  
167,PJ chats,1,1,Billy Joe,6:58,Well. I was thinking. If I got a pic of u in your thongs doing a wide split Laying down. I would kno then u were serious about us. And I could trust U. That would be some serious proff Rite.,"Billy Joe: 음, 생각해봤어. 만약 네가 끈 팬티를 입고 널브러져서 넓게 다리를 벌린 사진을 보내준다면, 그때 우리가 진지하다는 걸 알 수 있을 거야. 그리고 너를 믿을 수 있을 거고. 그건 진짜 증거가 될 거야, 맞지?  "
168,PJ chats,1,1,decoy,6:58,Idk what to say u seem super cool and I don't wanna ruin anything for anyone,"decoy: 뭐라고 말해야 할지 모르겠어. 너는 정말 멋져 보이고, 나는 누구에게도 뭔가를 망치고 싶지 않아  "
169,PJ chats,1,1,Billy Joe,6:59,I am kool.,Billy Joe: 나는 멋져  
170,PJ chats,1,1,Billy Joe,6:59,Just keep me safe..plzzz,Billy Joe: 나를 안전하게 지켜줘.. 제발  
171,PJ chats,1,1,decoy,6:59,I really like u for real but I can't send a pic like that even if I had my cam,"decoy: 나는 진짜 너를 좋아하지만, 그런 사진을 보낼 수는 없어. 카메라가 있어도 말이야  "
172,PJ chats,1,1,decoy,7:00,Keep me safe lol,decoy: 나를 안전하게 지켜줘 ㅋㅋ  
173,PJ chats,1,1,Billy Joe,7:00,U hve to admit..that would be good proof tho Rite..the pic.,"Billy Joe: 너도 인정해야 해.. 그 사진이 좋은 증거가 될 거야, 맞지?  "
174,PJ chats,1,1,Billy Joe,7:00,I will keep U safe.....safe and sound....lol,Billy Joe: 나는 너를 안전하게 지킬 거야... 안전하고 편안하게... ㅋㅋ  
175,PJ chats,1,1,decoy,7:01,There was a girl I know who did that with pics and they ended up on twitter and Twitter wouldn't even take them down,"decoy: 내가 아는 한 여자애가 그런 사진을 찍었는데, 그게 트위터에 올라갔고 트위터는 그것을 삭제조차 하지 않았어  "
176,PJ chats,1,1,Billy Joe,7:02,Omg...baby.. i swear on us..own my own life...I would Delete them off my phone,Billy Joe: 세상에... 자기야.. 우리를 위해 맹세할게.. 내 인생을 걸고... 나는 내 전화에서 그것들을 삭제할 거야  
177,PJ chats,1,1,Billy Joe,7:03,My mom sometimes borrows my phone on the weekend when I don't work. She don't have one...I erase everything...I swear it.,Billy Joe: 내 엄마는 가끔 주말에 내가 일하지 않을 때 내 전화를 빌려가. 그녀는 전화를 가지고 있지 않아... 나는 모든 것을 지워버려... 맹세해  
178,PJ chats,1,1,decoy,7:03,Sending a pic like that feels way too scary for me like u I wanna feel safe,decoy: 그런 사진을 보내는 건 나한테 너무 무섭게 느껴져. 나는 너와 함께 안전하게 느끼고 싶어  
179,PJ chats,1,1,Billy Joe,7:04,Ok....short shorts,Billy Joe: 알겠어... 짧은 반바지  
180,PJ chats,1,1,Billy Joe,7:04,Real short..but Sexy..that's clean ain't it.,"Billy Joe: 정말 짧고... 섹시해.. 그건 깨끗하지, 맞지?  "
181,PJ chats,1,1,decoy,7:04,Idk lol,decoy: 모르겠어 ㅋㅋ  
182,PJ chats,1,1,Billy Joe,7:05,Plzzzzz,Billy Joe: 제발  
183,PJ chats,1,1,decoy,7:05,I have no way to take new pics right now,decoy: 지금은 새로운 사진을 찍을 방법이 없어  
184,PJ chats,1,1,Billy Joe,7:06,Okay.. send those other Pics of u can u,Billy Joe: 알겠어.. 다른 사진을 보낼 수 있어?  
185,PJ chats,1,1,decoy,7:06,I can send u a couple from the computer and hopefully I will have my cam back this weekend,"decoy: 컴퓨터에서 몇 장 보낼 수 있고, hopefully 이번 주말에 카메라를 다시 받을 수 있을 거야  "
186,PJ chats,1,1,Billy Joe,7:07,I can Take Sexy Pics on cam without nudity..I swear it will help me feel at ease..,Billy Joe: 나는 누드 없이 카메라로 섹시한 사진을 찍을 수 있어.. 그게 나를 편안하게 해줄 거라고 맹세해  
187,PJ chats,1,1,decoy,7:07,I will for sure in a little while,decoy: 나는 확실히 조금 있다가 할게  
188,PJ chats,1,1,decoy,7:08,Let me see what I can do,decoy: 내가 할 수 있는 걸 한번 해볼게
189,PJ chats,1,1,Billy Joe,7:08,Well the one I asked for in thong..U wouldn't even hve to hve Ur face in it..,Billy Joe: 내가 끈 팬티를 입고 요청한 사진은.. 너의 얼굴이 들어갈 필요도 없어.  
190,PJ chats,1,1,decoy,7:08,I don't have a cam besides my phone anyway,decoy: 어쨌든 내 전화 말고는 카메라가 없어.  
191,PJ chats,1,1,Billy Joe,7:08,Just a nice Amazing split..lol,Billy Joe: 그냥 멋진 스플릿만 있으면 돼.. ㅋㅋ  
192,PJ chats,1,1,decoy,7:09,Maybe u r just trying to get dirty pics and u really don't like me,"decoy: 아마 너는 더러운 사진을 얻으려고 하는 거고, 나를 진짜로 좋아하지 않는 것 같아.  "
193,PJ chats,1,1,decoy,7:09,Guys do that all the time,decoy: 남자들은 항상 그렇게 해.  
194,PJ chats,1,1,Billy Joe,7:09,I swear.. I like u,Billy Joe: 맹세해.. 나는 너를 좋아해.  
195,PJ chats,1,1,decoy,7:09,Kk,decoy: 알겠어.  
196,PJ chats,1,1,Billy Joe,7:09,I won't play U..I thought about u all night.,Billy Joe: 나는 너를 속이지 않을 거야.. 너에 대해 밤새 생각했어.  
197,PJ chats,1,1,decoy,7:10,I will send u some reg ones in a little,decoy: 나는 조금 있다가 일반 사진 몇 장 보낼게.  
198,PJ chats,1,1,decoy,7:10,U did? Really,decoy: 정말 그렇게 생각했어?  
199,PJ chats,1,1,Billy Joe,7:10,If I had my way..I would be willing to wait for us to be together when Ur older,Billy Joe: 내가 원하는 대로라면.. 너가 더 나이가 들 때까지 우리가 함께하는 걸 기다릴 의향이 있어.  
200,PJ chats,1,1,Billy Joe,7:10,I would wait....4.U.,Billy Joe: 나는 너를 위해 기다릴 거야.  
201,PJ chats,1,1,decoy,7:10,Really,decoy: 정말?  
202,PJ chats,1,1,Billy Joe,7:11,Yesssssssss,Billy Joe: 응응응응응.  
203,PJ chats,1,1,decoy,7:11,So like what would that mean,decoy: 그럼 그건 무슨 의미야?  
204,PJ chats,1,1,Billy Joe,7:11,I kept thinking about laying next to you And holding you from behind,Billy Joe: 나는 너 옆에 누워서 뒤에서 너를 안고 있는 걸 계속 생각했어.  
205,PJ chats,1,1,Billy Joe,7:12,I swear i thought about you all night,"Billy Joe: 맹세해, 나는 너에 대해 밤새 생각했어.  "
206,PJ chats,1,1,decoy,7:12,:),decoy: :)  
207,PJ chats,1,1,Billy Joe,7:12,I like you more than you know i just wanna trust you,Billy Joe: 나는 너를 아는 것보다 더 좋아해. 나는 너를 믿고 싶어.  
208,PJ chats,1,1,decoy,7:12,I believe u I did too,"decoy: 나는 너를 믿어, 나도 그랬어.  "
209,PJ chats,1,1,Billy Joe,7:12,What would what mean,Billy Joe: 그게 무슨 의미야?  
210,PJ chats,1,1,Billy Joe,7:13,we are so f***** if we get caught,Billy Joe: 우리가 걸리면 정말 큰일이야.  
211,PJ chats,1,1,decoy,7:13,I'll brb I need to get up and walk the dog bfore my mom comes in here,"decoy: 금방 돌아올게, 엄마가 들어오기 전에 강아지를 데리고 나가야 해."
212,PJ chats,1,1,Billy Joe,7:13,you can call me while walking the dog,Billy Joe: 강아지를 산책시키면서 나한테 전화해도 돼.  
213,PJ chats,1,1,Billy Joe,7:13,Put your phone in your pocket,Billy Joe: 전화기를 주머니에 넣어.  
214,PJ chats,1,1,Billy Joe,7:14,Take it outside and call me,Billy Joe: 밖으로 나가서 나한테 전화해.
215,PJ chats,1,2,decoy,7:53,Sorry my mom is up and rushing me i have to start school at 8 and have to get online I am gonna try to send some pics quick and text u when I get a break,"미안해, 엄마가 일어나서 나를 재촉하고 있어. 8시에 학교를 시작해야 하고 온라인에 접속해야 해. 사진 몇 장을 빨리 보내고, 쉬는 시간에 문자할게.  "
216,PJ chats,1,2,decoy,8:00,I don't think I can send pics from gmail to your phone gonna keep trying do u have an email address,내가 Gmail에서 너의 전화로 사진을 보낼 수 있을 것 같지 않아. 계속 시도해볼게. 이메일 주소가 있어?  
217,PJ chats,1,2,Billy Joe,8:00,Hold on k,잠깐만.
218,PJ chats,1,2,Billy Joe,8:06,"I don't hve one. But I know my sisters old gmail it still works. She is never ever on it. She only uses all now. She left her gmail account in my cell when she borrowed it one day. Pass word is Still there, I just checked.","나는 이메일 주소가 없어. 하지만 내 여동생의 오래된 Gmail 주소를 알고 있어. 아직도 작동해. 그녀는 절대 그걸 사용하지 않아. 지금은 다른 걸만 사용해. 그녀가 하루에 내 휴대폰을 빌렸을 때 Gmail 계정을 남겨두고 갔어. 비밀번호도 여전히 있어, 방금 확인했어.  "
219,PJ chats,1,2,decoy,8:08,Send me a quick mess at dancingmaddie757@gmail.com,dancingmaddie757@gmail.com으로 간단한 메시지를 보내줘.  
220,PJ chats,1,2,Billy Joe,8:08,U need to put me in ur cell contact list under a girl. Play it safe.,너는 나를 네 휴대폰 연락처 목록에 여자 이름으로 저장해야 해. 안전하게 하자.
221,PJ chats,1,2,decoy,8:09,Ok lol what should I call u lol,"좋아, 웃기네. 뭐라고 부르면 좋을까?  "
222,PJ chats,1,2,Billy Joe,8:11,U think of a name..something you will remember,네가 이름을 생각해봐. 기억할 수 있는 뭔가.  
223,PJ chats,1,2,Billy Joe,8:12,"I just sent you a message To gmail . It says, hey maddie","방금 Gmail로 메시지를 보냈어. ""안녕, 매디""라고 적혀 있어."
224,PJ chats,1,2,Billy Joe,8:13,From. *edited sister's account*,*여동생의 계정에서*  
225,PJ chats,1,2,Billy Joe,8:14,Its my sisters she never uses it. I don't even think she remembers the password..lol i still have the password in my phone..ha ha,"그건 내 여동생의 계정이야. 그녀는 절대 사용하지 않아. 비밀번호도 기억하는지 모르겠어. 웃기네, 나는 여전히 내 휴대폰에 비밀번호가 있어. 하하.  "
226,PJ chats,1,2,decoy,8:19,Ok gimme a min,"좋아, 잠깐만 줘."
227,PJ chats,1,2,Billy Joe,8:19,K..,응..  
228,PJ chats,1,2,Billy Joe,8:20,Omg I wish U had Ur cam..it would be Soooo fun..lol,"세상에, 네가 카메라가 있었으면 좋겠어. 정말 재미있을 텐데. 웃기네."
229,PJ chats,1,3,decoy,9:11,just sent u a few pics,decoy: 방금 몇 장의 사진을 보냈어.  
230,PJ chats,1,3,Billy Joe,9:12,K....my girl....,Billy Joe: 알겠어... 내 여자친구...  
231,PJ chats,1,3,Billy Joe,9:14,Beautiful,Billy Joe: 아름다워.  
232,PJ chats,1,3,Billy Joe,9:15,Love the one in the tan pants / blood shirt..wow,Billy Joe: 베이지색 바지와 붉은 셔츠 입은 사진이 정말 멋져... 와우.  
233,PJ chats,1,3,decoy,9:24,Lol thanks,"decoy: 하하, 고마워.  "
234,PJ chats,1,3,decoy,9:24,I have more but some have other people in them lol,"decoy: 더 많은 사진이 있지만, 몇 장은 다른 사람들이 나와 있어. 하하.  "
235,PJ chats,1,3,Billy Joe,9:26,It's ok..I love pictures,Billy Joe: 괜찮아... 나는 사진을 좋아해.  
236,PJ chats,1,3,decoy,9:26,Ok so should I send a couple more,decoy: 그럼 몇 장 더 보낼까?  
237,PJ chats,1,3,Billy Joe,9:28,Yeah,Billy Joe: 응.  
238,PJ chats,1,3,decoy,9:31,Kk will do in between school lol,"decoy: 알겠어, 학교 사이에 할게. 하하.  "
239,PJ chats,1,3,Billy Joe,9:32,What the Pics U just mention,Billy Joe: 방금 언급한 사진들?  
240,PJ chats,1,3,Billy Joe,9:33,How come yesterday U could chat all day..:(,Billy Joe: 어제는 하루 종일 채팅할 수 있었던 이유는 뭐야? :(  
241,PJ chats,1,3,decoy,9:34,Got break yesterday since still part of Easter break,decoy: 어제는 부활절 방학의 일환으로 쉬었어.  
242,PJ chats,1,3,Billy Joe,9:34,I c,Billy Joe: 알겠어.  
243,PJ chats,1,3,decoy,9:34,I have some more pics on my computer I can send,"decoy: 컴퓨터에 더 많은 사진이 있어, 보낼 수 있어.  "
244,PJ chats,1,3,Billy Joe,9:35,Plz do..lol,Billy Joe: 제발 보내줘... 하하.  
245,PJ chats,1,3,decoy,9:35,It's not the same schedule every day I do some on my own and some have like a class u sign into,"decoy: 매일 같은 일정은 아니야. 나는 혼자 하는 것도 있고, 수업에 등록해야 하는 것도 있어."
246,PJ chats,1,3,decoy,9:35,It's some program my mom pays for,decoy: 엄마가 돈을 내는 프로그램이야.  
247,PJ chats,1,3,Billy Joe,9:36,Ohhhh ok,"Billy Joe: 아, 그렇구나.  "
248,PJ chats,1,3,decoy,9:36,I hate when I have to sign in,decoy: 로그인해야 할 때가 싫어.  
249,PJ chats,1,3,decoy,9:36,But they can't see if u r paying attention lol,decoy: 하지만 그들은 네가 집중하고 있는지 볼 수 없어. 하하.  
250,PJ chats,1,3,decoy,9:37,It's still better than reg school,decoy: 일반 학교보다는 여전히 나아.  
251,PJ chats,1,3,Billy Joe,9:37,So r U a little more excited about spreading for me while I Lick U softly and gentel..,Billy Joe: 그럼 네가 나를 위해 퍼뜨리는 것에 대해 조금 더 기대하고 있어? 내가 부드럽게 핥아줄 때...  
252,PJ chats,1,3,decoy,9:37,Maybe lol,decoy: 아마도 하하.  
253,PJ chats,1,3,decoy,9:37,It sounds kinda nice,decoy: 좀 괜찮은 것 같아.  
254,PJ chats,1,3,decoy,9:38,Just don't do it hard,decoy: 그냥 세게 하지 마.  
255,PJ chats,1,3,Billy Joe,9:38,Tell the truth..I know u thought about it in bed last night..lok,Billy Joe: 진실을 말해봐... 어젯밤 침대에서 생각했지? 하하.  
256,PJ chats,1,3,Billy Joe,9:38,I won't...very soft,Billy Joe: 나는 안 할 거야... 아주 부드럽게.  
257,PJ chats,1,3,decoy,9:38,I did a lot,decoy: 많이 생각했어.  
258,PJ chats,1,3,Billy Joe,9:39,Mmmmmm. Nice,Billy Joe: 음... 좋네.  
259,PJ chats,1,3,Billy Joe,9:39,So u played a little...U did didn't U.,Billy Joe: 그래서 조금 놀았구나... 그랬지?  
260,PJ chats,1,3,decoy,9:39,I'm worried it might hurt,decoy: 아플까 봐 걱정이야.  
261,PJ chats,1,3,Billy Joe,9:39,Thinking of it,Billy Joe: 생각하고 있어.  
262,PJ chats,1,3,Billy Joe,9:40,It doesn't hurt,Billy Joe: 아프지 않아.
263,PJ chats,1,3,decoy,9:40,I did try to lol,"decoy: 나도 시도해봤어, 하하.  "
264,PJ chats,1,3,decoy,9:40,U sure lol,decoy: 정말 확신해? 하하.  
265,PJ chats,1,3,Billy Joe,9:40,Feels beautiful,Billy Joe: 기분이 정말 좋아.  
266,PJ chats,1,3,Billy Joe,9:40,Yes U will love it,"Billy Joe: 응, 너는 그것을 사랑할 거야.  "
267,PJ chats,1,3,decoy,9:40,I do wanna have an O lol,"decoy: 나도 오를 원해, 하하.  "
268,PJ chats,1,3,Billy Joe,9:41,Ohhhh U will baby,"Billy Joe: 오, 너는 그럴 거야, 아기야.  "
269,PJ chats,1,3,Billy Joe,9:41,U will cream,Billy Joe: 너는 흥분할 거야.  
270,PJ chats,1,3,decoy,9:41,OMG this talk is very distracting lol,"decoy: 세상에, 이 대화는 정말 방해가 돼, 하하.  "
271,PJ chats,1,3,decoy,9:41,What's that mean,decoy: 그게 무슨 뜻이야?  
272,PJ chats,1,3,Billy Joe,9:42,I'll start licking with Ur thongs on. Get those panties all wet.,Billy Joe: 너의 팬티를 입고 핥기 시작할 거야. 그 팬티를 다 젖게 만들 거야.  
273,PJ chats,1,3,Billy Joe,9:45,Would be easier when we meet up to not wear jeans. Running pants or something. Easier in the park..,Billy Joe: 우리가 만날 때는 청바지를 입지 않는 게 더 쉬울 거야. 운동복 같은 걸 입는 게 좋겠어. 공원에서 더 편할 거야.  
274,PJ chats,1,3,decoy,9:45,Maybe a skirt?,decoy: 치마는 어때?  
275,PJ chats,1,3,Billy Joe,9:46,Omg..yes,"Billy Joe: 세상에, 그래!  "
276,PJ chats,1,3,decoy,9:46,Ok hopefully it will be warm enough lol,"decoy: 알겠어, 날씨가 따뜻하길 바래, 하하.  "
277,PJ chats,1,3,decoy,9:47,U sure nobody will see us in park lol,decoy: 공원에서 아무도 우리를 보지 않을 거라고 확신해? 하하.  
278,PJ chats,1,3,Billy Joe,9:47,"I was going to suggest a skirt But i didn't want your mom to get suspicious If you went walking in a, skirt","Billy Joe: 치마를 제안하려고 했는데, 네가 치마를 입고 산책하면 네 엄마가 의심할까 봐 걱정했어.  "
279,PJ chats,1,3,Billy Joe,9:47,No..there's lots of trails in the park,Billy Joe: 아니야... 공원에는 많은 산책로가 있어.
280,PJ chats,1,3,decoy,9:48,Ok. I don't think she would think it was weird but I want to go on a day when she isn't here,"decoy: 알겠어. 그녀가 이상하게 생각하지는 않을 것 같지만, 그녀가 없는 날에 가고 싶어.  "
281,PJ chats,1,3,Billy Joe,9:48,I'll eatYour pussy out in the woods..U will be Sooooo turned on,Billy Joe: 숲에서 너의 음부를 핥아줄 거야... 너는 정말 흥분할 거야.  
282,PJ chats,1,3,decoy,9:48,She works at home and in an office and sometimes I don't know when she is where,"decoy: 그녀는 집에서도 일하고 사무실에서도 일하는데, 가끔 어디에 있는지 모르겠어.  "
283,PJ chats,1,3,decoy,9:49,If I am up to something I can't ask too much or she will get suspicious and keep better track of me lol,"decoy: 내가 뭔가를 하고 있으면 너무 많이 물어볼 수 없어서 그녀가 의심하게 되고 나를 더 잘 감시할 거야, 하하.  "
284,PJ chats,1,3,decoy,9:49,That sounds kinda fun,decoy: 그거 좀 재밌는 것 같아.  
285,PJ chats,1,3,Billy Joe,9:49,Does she ever let you walk to mcdonalds for an ice cream,Billy Joe: 그녀가 너를 맥도날드에 아이스크림 사러 가게 해주기도 해?  
286,PJ chats,1,3,decoy,9:50,She lets me walk most places if I take my phone and it isn't dark,decoy: 그녀는 내가 핸드폰을 가지고 있고 어두운 시간이 아닐 때 대부분의 곳에 가는 걸 허락해.  
287,PJ chats,1,3,decoy,9:50,But if I wanna be sneaky I do it when she goes to her office lol,decoy: 하지만 내가 몰래 하고 싶으면 그녀가 사무실에 갔을 때 가. 하하.  
288,PJ chats,1,3,decoy,9:51,I get paranoid,decoy: 나는 좀 불안해.  
289,PJ chats,1,3,Billy Joe,9:51,Well then it's easy,Billy Joe: 그럼 쉽겠네.  
290,PJ chats,1,3,Billy Joe,9:51,How far of a walk is it to mc dounalds from Ur house,Billy Joe: 너의 집에서 맥도날드까지 얼마나 걸어야 해?  
291,PJ chats,1,3,decoy,9:51,What is I sent more pics,decoy: 내가 더 많은 사진을 보낸다면 어때?  
292,PJ chats,1,3,Billy Joe,9:52,You won't have to be paranoid with me...i swear it's safe,Billy Joe: 나와 함께라면 불안해할 필요 없어... 안전하다고 맹세해.  
293,PJ chats,1,3,decoy,9:52,It's further than park but I can do it. Would be really easy if I biked but I don't ride bikes lol,"decoy: 공원보다 더 멀지만 할 수 있어. 자전거를 타면 정말 쉬울 텐데, 나는 자전거를 안 타. 하하.  "
294,PJ chats,1,3,Billy Joe,9:52,If she let's U walk most places.. we should be able to meet up easily maddie,"Billy Joe: 그녀가 대부분의 곳에 가는 걸 허락해준다면... 우리는 쉽게 만날 수 있을 거야, 매디.  "
295,PJ chats,1,3,decoy,9:52,I am more paranoid about my mom than u,decoy: 나는 너보다 엄마에 대해 더 불안해.  
296,PJ chats,1,3,decoy,9:53,I hate getting in trouble,decoy: 나는 문제가 생기는 게 싫어.
297,PJ chats,1,3,Billy Joe,9:53,Ur just scared and nervous..U don't hve to be baby,"Billy Joe: 너는 그냥 겁먹고 긴장한 거야... 아기야, 그럴 필요 없어.  "
298,PJ chats,1,3,decoy,9:53,Yes I know I can meet u I just want her to be gone when I do,"decoy: 맞아, 내가 너를 만날 수 있다는 걸 알아. 그냥 그때 그녀가 없었으면 좋겠어.  "
299,PJ chats,1,3,decoy,9:53,I get worried that she will take away my dance or make me go live with my dad or something,decoy: 그녀가 내 춤을 빼앗거나 아빠와 함께 살게 할까 봐 걱정이 돼.
300,PJ chats,1,4,decoy,12:26,Yes just me,"decoy: 네, 나 혼자야.  "
301,PJ chats,1,4,Billy Joe,12:27,Who set it up tho,Billy Joe: 누가 이걸 설정했어?  
302,PJ chats,1,4,decoy,12:27,I keep a yahoo one too,decoy: 나도 야후 계정 하나 있어.  
303,PJ chats,1,4,decoy,12:29,I will delete anything you want to send me,decoy: 네가 나에게 보내고 싶은 건 뭐든지 삭제할게.  
304,PJ chats,1,4,decoy,12:29,I did Y,decoy: 나는 Y를 했어.  
305,PJ chats,1,4,Billy Joe,12:34,Didn't want Ur parents looking into who was sending U mail Silly,"Billy Joe: 너의 부모님이 누가 너에게 메일을 보내는지 알아보는 걸 원하지 않았어, 바보야.  "
306,PJ chats,1,4,decoy,12:34,R u working tomorrow?,decoy: 너 내일 일해?  
307,PJ chats,1,4,Billy Joe,12:34,We both agreed we have to be smart,Billy Joe: 우리 둘 다 똑똑해야 한다고 동의했잖아.  
308,PJ chats,1,4,Billy Joe,12:34,Yea y?,"Billy Joe: 응, 왜?  "
309,PJ chats,1,4,Billy Joe,12:36,Yeah why what are you thinking,"Billy Joe: 응, 왜, 무슨 생각하고 있어?  "
310,PJ chats,1,4,decoy,12:36,I am looking at my moms schedule and she has something written on there that makes it look like she has to go in her office tomorrow. I am trying to fig it out without it seeming weird at all,"decoy: 나는 엄마의 일정을 보고 있는데, 내일 사무실에 가야 할 것처럼 적혀 있는 게 있어. 이상하게 보이지 않게 알아내려고 하고 있어.  "
311,PJ chats,1,4,decoy,12:36,I am working on it lol,"decoy: 지금 열심히 하고 있어, 웃겨.  "
312,PJ chats,1,4,Billy Joe,12:37,K,Billy Joe: 알겠어.  
313,PJ chats,1,4,Billy Joe,12:38,"Yea, But u don't kno what time she will go","Billy Joe: 응, 하지만 그녀가 몇 시에 갈지 모르잖아.  "
314,PJ chats,1,4,Billy Joe,12:38,Hard For me to plan if u don't know what time,Billy Joe: 몇 시인지 모르면 계획 세우기 힘들어.  
315,PJ chats,1,4,decoy,12:39,I am trying to fig out now doing my best,"decoy: 지금 알아내려고 노력 중이야, 최선을 다하고 있어.  "
316,PJ chats,1,4,Billy Joe,12:40,Ain't it easier to tell her you're going to go for a walk..if we're careful she won't see us together,Billy Joe: 그녀에게 산책 간다고 말하는 게 더 쉬운 거 아니야? 조심하면 우리를 함께 보지 않을 거야.  
317,PJ chats,1,4,Billy Joe,12:40,I will be off around 330 today,Billy Joe: 나는 오늘 3시 30분쯤 퇴근할 거야.  
318,PJ chats,1,4,Billy Joe,12:41,Can't you just go for a walk it's a nice day out,Billy Joe: 그냥 산책 가면 안 돼? 날씨가 좋잖아.  
319,PJ chats,1,4,decoy,12:44,Please I just need to be careful. If u can just wait a day or two I KNOW I can get there. She is here I am doing schoolwork and have dance again to tonight. I don't want to show up and have to leave after 10 min lol please,"decoy: 제발, 나는 조심해야 해. 하루 이틀만 기다려줄 수 있다면, 나는 꼭 갈 수 있어. 그녀가 여기 있고, 나는 학교 숙제를 하고 있고, 오늘 밤에도 춤 연습이 있어. 10분 후에 가야 하는 상황이 되고 싶지 않아, 제발.  "
320,PJ chats,1,4,Billy Joe,12:44,trying to think of something To make it easier on you. Okay are there any woods around your house..like a walking trail?,Billy Joe: 너를 위해 뭔가 쉽게 할 방법을 생각해보려고 해. 집 주변에 숲 같은 곳이 있어? 산책로 같은 거?  
321,PJ chats,1,4,Billy Joe,12:44,Okay,Billy Joe: 알겠어.  
322,PJ chats,1,4,Billy Joe,12:45,It's ok..I understand,Billy Joe: 괜찮아.. 이해해.  
323,PJ chats,1,4,decoy,12:46,I think the park is prob better I don't want to be near my house omg,"decoy: 공원이 더 나은 것 같아. 집 근처에 있고 싶지 않아, 제발.  "
324,PJ chats,1,4,Billy Joe,12:46,Ik,Billy Joe: 알아.  
325,PJ chats,1,4,Billy Joe,12:46,Ok..lol,Billy Joe: 알겠어.. 웃겨.  
326,PJ chats,1,4,Billy Joe,12:47,Did you see the new pictures i sent you to the gmail...ha ha,Billy Joe: 내가 너에게 보낸 새로운 사진들 봤어? 지메일로.. 하하.  
327,PJ chats,1,4,decoy,12:47,Just please know I want to come so bad and I will find a way. Just like u I have a nosy mom and I know how to get her off of back and what makes her worse,"decoy: 제발, 나는 정말 가고 싶고 방법을 찾을 거라는 걸 알아줬으면 해. 너처럼 나도 호기심 많은 엄마가 있고, 그녀를 어떻게 피할 수 있는지, 무엇이 더 나쁘게 만드는지 알아.  "
328,PJ chats,1,4,decoy,12:48,I will look at pics. Lol what are they,"decoy: 사진들을 볼게. 웃겨, 뭐야?  "
329,PJ chats,1,4,Billy Joe,12:49,Example pics of how i would like you to do,Billy Joe: 내가 원하는 방식의 예시 사진들이야.
330,PJ chats,1,4,Billy Joe,12:49,or something close to it,Billy Joe: 아니면 그와 비슷한 걸.  
331,PJ chats,1,4,Billy Joe,12:50,i swear to god if you did pics like that i would know you were serious,"Billy Joe: 맹세코, 네가 그런 사진을 찍었다면 내가 너가 진지하다는 걸 알았을 거야.  "
332,PJ chats,1,4,decoy,12:50,Ok maybe in person u have a cam?,"decoy: 알겠어, 혹시 직접 만나면 카메라 있어?  "
333,PJ chats,1,4,decoy,12:51,I might be willing to let u take a pic of me like that but I am no way sending that on a text,"decoy: 그런 사진을 찍는 건 허락할 수도 있지만, 절대 문자로 보내지는 않을 거야.  "
334,PJ chats,1,4,decoy,12:51,U never even sent me a pic of yourself,decoy: 너는 나에게 사진을 한 번도 보내지 않았잖아.  
335,PJ chats,1,4,Billy Joe,12:51,Yea...I would love to take Pics of u,Billy Joe: 응... 나는 너의 사진을 찍고 싶어.  
336,PJ chats,1,4,Billy Joe,12:52,I will,Billy Joe: 할 거야.  
337,PJ chats,1,4,decoy,12:52,U would? How would u keep them away from your mother?,decoy: 정말? 너는 어떻게 그것들을 너의 엄마에게서 숨길 건데?  
338,PJ chats,1,4,Billy Joe,12:52,Always make sure you delete all of your gmail i sent,Billy Joe: 내가 보낸 모든 Gmail은 항상 삭제하는 걸 잊지 마.  
339,PJ chats,1,4,decoy,12:53,Duh yeah!,decoy: 그건 당연하지!  
340,PJ chats,1,4,Billy Joe,12:54,Any pics i take of u i will only keep for a couple of days and delete them,"Billy Joe: 내가 너의 사진을 찍으면, 며칠만 보관하고 삭제할 거야.  "
341,PJ chats,1,4,decoy,12:57,U sure u will delete them,decoy: 정말 삭제할 거야?  
342,PJ chats,1,4,Billy Joe,12:59,Honest,Billy Joe: 솔직히.  
343,PJ chats,1,4,decoy,13:00,Ok. Will u send me a pic of you,decoy: 알겠어. 너의 사진을 나에게 보내줄래?  
344,PJ chats,1,4,Billy Joe,13:00,Sent Pics..gmail..not sure if you got them right away,Billy Joe: 사진 보냈어.. 지메일로.. 바로 받았는지 잘 모르겠어.  
345,PJ chats,1,4,Billy Joe,13:00,Check,Billy Joe: 확인해봐.  
346,PJ chats,1,4,decoy,13:02,Ok,decoy: 알겠어.  
347,PJ chats,1,4,Billy Joe,13:03,Maybe i'm not your type. Lol i guess you'll just have to look and see,"Billy Joe: 아마 내가 너의 타입이 아닐 수도 있어. 하하, 너는 그냥 보고 판단해야 할 거야.  "
348,PJ chats,1,4,decoy,13:04,Nice really cute I like them a lot,"decoy: 멋져, 정말 귀여워. 나는 그것들을 많이 좋아해.  "
349,PJ chats,1,4,Billy Joe,13:05,awwww..really,Billy Joe: 아웅.. 정말?  
350,PJ chats,1,4,Billy Joe,13:05,Honestly,Billy Joe: 솔직히.  
351,PJ chats,1,4,decoy,13:05,Yes I am totally serious I love the pics,"decoy: 응, 나는 정말 진지해. 나는 그 사진들이 마음에 들어.  "
352,PJ chats,1,4,Billy Joe,13:06,Ur sweet,Billy Joe: 너는 착하구나.  
353,PJ chats,1,4,Billy Joe,13:07,wanna see how beautiful my cock is...do u..lol,Billy Joe: 내 남자친구가 얼마나 아름다운지 보고 싶어... 너는? 하하.  
354,PJ chats,1,4,decoy,13:08,Maybe u wanna send it? I have never seen a real one bfore lol,decoy: 혹시 보내고 싶어? 나는 진짜 남자친구를 본 적이 없어. 하하.  
355,PJ chats,1,4,Billy Joe,13:09,Not sure if it would turn you on or not,Billy Joe: 너를 흥분시킬지 모르겠어.  
356,PJ chats,1,4,Billy Joe,13:09,What do you mean maybe i wanna send it,Billy Joe: 네가 보내고 싶다고?  
357,PJ chats,1,4,decoy,13:09,Lol I have always wanted to see one haha,"decoy: 하하, 나는 항상 하나를 보고 싶었어.  "
358,PJ chats,1,4,decoy,13:10,Do u wanna send it lol,decoy: 너는 보내고 싶어? 하하.  
359,PJ chats,1,4,Billy Joe,13:10,you can't be serious you've never seen one,"Billy Joe: 너는 진지하지 않겠지, 너는 한 번도 본 적이 없다고?"
360,PJ chats,1,4,decoy,13:11,Pics only never in person or anyone's I know that I like,"decoy: 사진만, 절대 직접 만나거나 내가 좋아하는 사람과는 안 해.  "
361,PJ chats,1,4,Billy Joe,13:11,So you have seen a real one just not one you have like,"Billy Joe: 그러니까 너는 진짜 남자친구를 본 적이 있지만, 네가 좋아하는 사람은 아니구나.  "
362,PJ chats,1,4,decoy,13:12,I never have seen one of someone I liked make sense,"decoy: 내가 좋아하는 사람의 것은 본 적이 없어, 이해해?  "
363,PJ chats,1,4,decoy,13:12,No lol like I have seen my little cousins run around naked and one time I googled it lol,"decoy: 아니, 하하. 나는 내 사촌들이 벌거벗고 뛰어다니는 걸 본 적이 있고, 한 번 구글링해본 적이 있어. 하하.  "
364,PJ chats,1,4,Billy Joe,13:12,I just pulled it out while driving...lol..it's crazy but i sent it..please delete it i don't want anyone to see it,"Billy Joe: 나는 운전하면서 꺼냈어... 하하.. 미친 짓이지만, 보냈어.. 제발 삭제해줘, 아무에게도 보이고 싶지 않아.  "
365,PJ chats,1,4,decoy,13:13,OMG lol that sounds dangerous hahah,"decoy: 세상에, 하하, 그건 위험해 보인다.  "
366,PJ chats,1,4,decoy,13:13,Hold on,decoy: 잠깐만.  
367,PJ chats,1,4,Billy Joe,13:13,So you have googled cocks..nice. mY naughty little girl,"Billy Joe: 그러니까 너는 남자친구를 구글링해본 적이 있구나.. 좋네, 내 naughty little girl.  "
368,PJ chats,1,4,decoy,13:14,OMG that is gigantic!!!!,"decoy: 세상에, 그거 엄청 크다!!!!  "
369,PJ chats,1,4,Billy Joe,13:14,Yeah i'm pretty big,"Billy Joe: 응, 나는 꽤 커.  "
370,PJ chats,1,4,Billy Joe,13:14,Do you like it,Billy Joe: 너는 좋아해?  
371,PJ chats,1,4,decoy,13:15,Yeah I do but kinda nervous since it's so big lol,"decoy: 응, 좋아하지만 너무 커서 좀 긴장돼. 하하.  "
372,PJ chats,1,4,decoy,13:15,That is so big OMG,"decoy: 그거 진짜 크다, 세상에.  "
373,PJ chats,1,4,Billy Joe,13:16,I wanna rub it on your tight little virgin pussy,Billy Joe: 나는 너의 꽉 찬 처녀의 엉덩이에 문지르고 싶어.  
374,PJ chats,1,4,Billy Joe,13:16,Don't worri..I won't try to put it in.. I promise,Billy Joe: 걱정하지 마.. 넣으려고 하진 않을게.. 약속해.  
375,PJ chats,1,4,Billy Joe,13:17,Well that sucks you're even more nervous now than you were before..lol.. maybe i shouldn't have sent that picture,"Billy Joe: 음, 그건 안 좋네, 너가 이전보다 더 긴장하고 있네.. 하하.. 아마 그 사진을 보내지 말았어야 했나 봐.  "
376,PJ chats,1,4,decoy,13:17,Ok that would really hurt,decoy: 그건 정말 아플 것 같아.  
377,PJ chats,1,4,decoy,13:17,No it's all good I swear,"decoy: 아니, 괜찮아, 맹세해.  "
378,PJ chats,1,4,decoy,13:18,I am excited and nervous lol,"decoy: 나는 신나고 긴장돼, 하하.  "
379,PJ chats,1,4,decoy,13:18,It's a really nice penis,decoy: 정말 멋진 남자친구야.  
380,PJ chats,1,4,Billy Joe,13:18,Gonna teach U how to Lick it..go down on it sum..jerk it til it explodes.,Billy Joe: 너에게 핥는 법을 가르쳐줄 거야.. 조금 내려가서.. 터질 때까지 자극해.  
381,PJ chats,1,4,Billy Joe,13:18,Thank u,Billy Joe: 고마워.  
382,PJ chats,1,4,decoy,13:19,Wow ok:),"decoy: 와, 알겠어 :)  "
383,PJ chats,1,4,Billy Joe,13:19,Do you think you would like to watch it orgasm,Billy Joe: 너는 그것이 오르가즘을 느끼는 걸 보고 싶어할 것 같아.  
384,PJ chats,1,4,decoy,13:19,Yea never seen that either but heard about it lol,"decoy: 응, 그것도 본 적이 없지만 들어본 적은 있어. 하하.  "
385,PJ chats,1,4,Billy Joe,13:20,i'm going to turn you into such a naughty little girl,Billy Joe: 나는 너를 정말 naughty little girl로 만들어줄 거야.  
386,PJ chats,1,4,decoy,13:20,What does that mean lol,decoy: 그게 무슨 뜻이야? 하하.  
387,PJ chats,1,4,Billy Joe,13:21,U will love fooling around..U will see,Billy Joe: 너는 놀아보는 걸 좋아하게 될 거야.. 너는 알게 될 거야.  
388,PJ chats,1,4,decoy,13:22,I think I might,decoy: 나는 그럴 것 같아.  
389,PJ chats,1,4,Billy Joe,13:23,U will baby,"Billy Joe: 너는 그럴 거야, 아기야."
390,PJ chats,1,4,Billy Joe,13:24,Wanna see what position i would love to lick your pussy In..,Billy Joe: 너의 엉덩이를 핥고 싶은 자세를 보여줄래?  
391,PJ chats,1,4,decoy,13:24,yes,decoy: 응.  
392,PJ chats,1,4,Billy Joe,13:25,K..hold on,Billy Joe: 알겠어.. 잠깐만.  
393,PJ chats,1,4,Billy Joe,13:27,It's there. Check,Billy Joe: 거기 있어. 확인해봐.  
394,PJ chats,1,4,Billy Joe,13:27,S*** it says its still sending,"Billy Joe: 젠장, 아직 전송 중이라고 나와.  "
395,PJ chats,1,4,decoy,13:28,I got it lol,"decoy: 받았어, 하하.  "
396,PJ chats,1,4,Billy Joe,13:28,I sent two tho,Billy Joe: 두 개 보냈어.  
397,PJ chats,1,4,decoy,13:29,Ok lemme check,"decoy: 알겠어, 확인해볼게.  "
398,PJ chats,1,4,decoy,13:30,I got it. That may be weird to do in the woods lol,"decoy: 받았어. 숲에서 하는 건 좀 이상할 것 같아, 하하.  "
399,PJ chats,1,4,Billy Joe,13:30,You think you would want to try that..bent over while i lick it,Billy Joe: 너는 그걸 시도해보고 싶다고 생각해? 내가 핥는 동안 엎드려서.  
400,PJ chats,1,4,Billy Joe,13:31,No way..it would be so much fun in the woods,Billy Joe: 절대 안 돼.. 숲에서 하는 건 정말 재밌을 거야.  
401,PJ chats,1,4,Billy Joe,13:32,So do you have firm hard little titties,Billy Joe: 너는 단단하고 작은 가슴이 있어?  
402,PJ chats,1,4,decoy,13:32,U think lol I would be willing to try it as long as u r careful with me.,decoy: 너는 그렇게 생각해? 하하. 나는 네가 조심해준다면 시도해볼 의향이 있어.  
403,PJ chats,1,4,Billy Joe,13:33,i promise to be careful i swear,"Billy Joe: 조심할게, 맹세해.  "
404,PJ chats,1,4,decoy,13:33,I need to get off here and finish school stuff bfore my mom starts investigating. I will try to get back back on bfore dance but if not will get on early tomorrow :):),"decoy: 나는 여기서 나가서 엄마가 조사하기 전에 학교 일을 마쳐야 해. 춤 연습 전에 다시 들어오려고 할 거지만, 안 되면 내일 일찍 들어올게. :) :)  "
405,PJ chats,1,4,Billy Joe,13:33,i wish there was something i could do to make you trust me..,Billy Joe: 너가 나를 믿게 할 수 있는 방법이 있었으면 좋겠어.  
406,PJ chats,1,4,decoy,13:33,They are small but ok think lol,"decoy: 작지만 괜찮아, 하하.  "
407,PJ chats,1,4,Billy Joe,13:34,Delete all your gmail and text messages,Billy Joe: 너의 모든 Gmail과 문자 메시지를 삭제해.  
408,PJ chats,1,4,Billy Joe,13:34,I like them small,Billy Joe: 나는 작은 게 좋아.  
409,PJ chats,1,4,Billy Joe,13:35,Tomorrow....uuhhhhhh :):(,Billy Joe: 내일.... 우우우.. :(  
410,PJ chats,1,4,decoy,13:38,Good:) I will I promise !!! <3,"decoy: 좋아 :) 나는 그렇게 할게, 약속해!!! <3  "
411,PJ chats,1,4,Billy Joe,13:39,What tomorrow,Billy Joe: 내일 뭐 할 거야?  
412,PJ chats,1,4,decoy,13:40,I will delete texts and pics promise and will try to see if I can come tomorrow ok,"decoy: 나는 문자와 사진을 삭제할 거고, 내일 올 수 있는지 확인해볼게, 알겠지?  "
413,PJ chats,1,4,Billy Joe,13:41,around what time..after 4 Rite?,Billy Joe: 대략 몇 시에.. 4시 이후지?  
414,PJ chats,1,4,decoy,13:43,Idk I am checking ok what's best,"decoy: 잘 모르겠어, 확인 중이야. 뭐가 제일 좋은지.  "
415,PJ chats,1,4,Billy Joe,13:44,Problem After 4,Billy Joe: 문제는 4시 이후야.  
416,PJ chats,1,4,decoy,13:44,I will do my best kk and let u know,"decoy: 최선을 다할게, 알겠어, 알려줄게.  "
417,PJ chats,1,4,Billy Joe,13:44,But if i had a couple hours notice..i could probably skip out on the later part of the day,Billy Joe: 하지만 만약 내가 몇 시간 전에 알게 된다면.. 아마도 하루의 후반부는 건너뛸 수 있을 거야.  
418,PJ chats,1,4,decoy,13:45,Ok will try 4 bfore,"decoy: 알겠어, 4시 전에 시도해볼게.  "
419,PJ chats,1,4,Billy Joe,13:45,If u don't have dance tomorrow..anytime after 4,Billy Joe: 만약 내일 춤 연습이 없다면.. 4시 이후 언제든지.
420,PJ chats,1,4,decoy,13:48,Kk,알겠어.
421,PJ chats,1,5,decoy,16:06,Hey u still around,"decoy: 안녕, 아직도 있어?  "
422,PJ chats,1,5,Billy Joe,16:06,Y,Billy Joe: 응.  
423,PJ chats,1,5,decoy,16:07,I am getting ready to leave for dance but my mom will be out tomorrow after noon,"decoy: 나는 춤 연습하러 나갈 준비 중인데, 내일 오후에 엄마가 나가실 거야.  "
424,PJ chats,1,5,Billy Joe,16:07,Hey someone called my cell but I didn't answer..number was from laurenceburg Indiana..Omg Ur dad don't live there Dose he...just that no one calls my cell that I don't kno.,"Billy Joe: 누군가 내 휴대폰에 전화했는데, 나는 받지 않았어.. 번호는 로렌스버그 인디애나에서 왔어.. 세상에, 네 아빠 거기 살지 않지? 아무도 내가 모르는 번호로 내 휴대폰에 전화하지 않아.  "
425,PJ chats,1,5,Billy Joe,16:08,What after 12,Billy Joe: 12시 이후에?  
426,PJ chats,1,5,decoy,16:08,Noooo my Dad lives in PA lol,"decoy: 아니, 내 아빠는 펜실베이니아에 살아, 하하.  "
427,PJ chats,1,5,Billy Joe,16:09,So Ur saying Ur mom leaves around 12?,Billy Joe: 그럼 네 엄마가 12시쯤 나간다는 거야?  
428,PJ chats,1,5,decoy,16:09,My mom has to go to her office around 12:30 for the afternoon so I can come to the park if u can and still wanna,"decoy: 내 엄마는 오후 12시 30분쯤 사무실에 가야 해서, 네가 가능하고 가고 싶다면 공원에 올 수 있어.  "
429,PJ chats,1,5,decoy,16:10,I am freaking out lol,"decoy: 나 지금 미치겠어, 하하.  "
430,PJ chats,1,5,Billy Joe,16:10,If Ur serious..I can call my boss. And take off early..,Billy Joe: 네가 진심이라면.. 나는 내 상사에게 전화할 수 있어. 일찍 퇴근할 수 있도록.  
431,PJ chats,1,5,decoy,16:11,U really would? I can for real. Once she leaves I can just walk over to the park,decoy: 정말 그렇게 해줄 거야? 나는 진짜로 할 수 있어. 그녀가 나가면 그냥 공원으로 걸어갈 수 있어.  
432,PJ chats,1,5,Billy Joe,16:11,But u will probably change Ur mind tomorrow. Or tell me Ur mom didn't leave..and I call the boss for nothing..r U sure baby,"Billy Joe: 하지만 내일 너는 아마 마음을 바꿀 거야. 아니면 네 엄마가 나가지 않았다고 말할 거고.. 내가 상사에게 전화한 게 헛수고가 될 거야.. 확실해, 아기야?  "
433,PJ chats,1,5,decoy,16:12,Yes I am I swear I have been trying to fig this out for 2 days,"decoy: 응, 나는 확실해. 이걸 해결하려고 2일 동안 노력해왔어.  "
434,PJ chats,1,5,Billy Joe,16:12,Unwilling be there if Ur not lieing or back out on me..if you don't go...I won't trust U to me meet Ever again..U swear?,Billy Joe: 네가 거짓말하지 않거나 나를 배신하지 않는다면 거기 있을 거야.. 만약 너가 가지 않으면.. 나는 다시는 너를 믿지 않을 거야.. 정말 약속해?  
435,PJ chats,1,5,decoy,16:12,As long as I am back around the time she gets home it will be totally fine,decoy: 내가 그녀가 집에 돌아오는 시간쯤에 돌아온다면 완전히 괜찮을 거야.  
436,PJ chats,1,5,Billy Joe,16:13,Cause I would have to call now so I can get off earlier tomorrow,Billy Joe: 왜냐하면 나는 지금 전화해야 해서 내일 더 일찍 퇴근할 수 있어.
437,PJ chats,1,5,decoy,16:13,I swear I will go,"decoy: 맹세해, 나는 갈 거야.  "
438,PJ chats,1,5,decoy,16:13,I will I promise,"decoy: 나는 갈 거야, 약속해.  "
439,PJ chats,1,5,Billy Joe,16:13,What time Dose she Come back,Billy Joe: 그녀가 몇 시에 돌아와?  
440,PJ chats,1,5,decoy,16:13,Like around 5:30,decoy: 대략 5시 30분쯤.  
441,PJ chats,1,5,Billy Joe,16:14,Plz keep Ur promiss and I swear U can trust me..,"Billy Joe: 제발 약속을 지켜줘, 그리고 나는 네가 나를 믿을 수 있다고 맹세해.  "
442,PJ chats,1,5,Billy Joe,16:14,Omg..we hve a few hours,Billy Joe: 세상에.. 우리는 몇 시간 남았어.  
443,PJ chats,1,5,decoy,16:14,I will just please promise me that u r really nice,"decoy: 나는 갈 거야, 제발 네가 정말 착하다고 약속해줘.  "
444,PJ chats,1,5,Billy Joe,16:14,What u gonna wear baby,"Billy Joe: 아기야, 너 뭐 입을 거야?  "
445,PJ chats,1,5,Billy Joe,16:14,I'm very Nice..promise,Billy Joe: 나는 정말 착해.. 약속해.  
446,PJ chats,1,5,decoy,16:14,U seem nice I want to trust that you are,"decoy: 너는 착해 보이고, 네가 정말 그렇기를 믿고 싶어.  "
447,PJ chats,1,5,decoy,16:15,What should I wear,decoy: 나는 뭐 입어야 할까?  
448,PJ chats,1,5,Billy Joe,16:15,Thonng...,Billy Joe: 끈 팬티...  
449,PJ chats,1,5,Billy Joe,16:15,Do u have a silk one,Billy Joe: 실크로 된 거 있어?  
450,PJ chats,1,5,decoy,16:15,Ok what color,"decoy: 오케이, 어떤 색으로?  "
451,PJ chats,1,5,decoy,16:15,I think so lol,"decoy: 그런 것 같아, 하하.  "
452,PJ chats,1,5,Billy Joe,16:15,U pick....,Billy Joe: 네가 골라...
453,PJ chats,1,5,Billy Joe,16:16,Or lace,Billy Joe: 아니면 레이스.  
454,PJ chats,1,5,decoy,16:16,Ok:),decoy: 오케이 :)  
455,PJ chats,1,5,Billy Joe,16:16,Pink is Hot..or white..it's up to u,Billy Joe: 핑크가 섹시해.. 아니면 흰색.. 너에게 달려 있어.  
456,PJ chats,1,5,decoy,16:17,Ok I will I am excited and nervous and so many things lol,"decoy: 오케이, 나는 그렇게 할 거야. 신나고 긴장되고 여러 가지 감정이야, 하하.  "
457,PJ chats,1,5,Billy Joe,16:17,I don't kno if u wear a skirt if anyone at the park would be suspeciace,Billy Joe: 네가 치마를 입으면 공원에서 누군가 의심할지 모르겠어.  
458,PJ chats,1,5,decoy,16:17,So what time u thinking u can come,decoy: 그럼 몇 시쯤 올 수 있을 것 같아?  
459,PJ chats,1,5,Billy Joe,16:17,It's normal to be nervous.,Billy Joe: 긴장하는 건 정상이지.  
460,PJ chats,1,5,Billy Joe,16:18,I'm gonna start walking up that way around noon.,Billy Joe: 나는 정오쯤 그쪽으로 걸어갈 거야.  
461,PJ chats,1,5,decoy,16:18,People wear skirts all the time lol maybe I can wear leggings under,"decoy: 사람들은 항상 치마를 입어, 하하. 아마 레깅스를 그 아래에 입을 수 있을 거야.  "
462,PJ chats,1,5,Billy Joe,16:18,Omg..good idea...leggins and skirt over,Billy Joe: 세상에.. 좋은 생각이야... 레깅스 위에 치마.  
463,PJ chats,1,5,Billy Joe,16:18,No bra ok....none,"Billy Joe: 브라는 안 해도 돼, 알겠지... 아무것도.  "
464,PJ chats,1,5,Billy Joe,16:19,Want my hands on Ur titties....yeaaaaa,Billy Joe: 내 손이 네 가슴에 닿기를 원해... 예!  
465,PJ chats,1,5,decoy,16:19,Ok I gotta go to dance but I promise and swear I will be there,"decoy: 오케이, 나는 춤 연습하러 가야 하지만, 약속하고 맹세할게, 나는 거기에 있을 거야.  "
466,PJ chats,1,5,decoy,16:19,Ok where will u be in the park and can u wear a certain color shirt so I don't get confused,"decoy: 오케이, 공원에서 어디에 있을 거고, 혼동되지 않도록 특정 색의 셔츠를 입을 수 있어?  "
467,PJ chats,1,5,decoy,16:19,Ok no bra lol,"decoy: 오케이, 브라는 안 해, 하하.  "
468,PJ chats,1,5,Billy Joe,16:20,Text me tomorrow around noon ok,"Billy Joe: 내일 정오쯤 문자해줘, 알겠지?"
469,PJ chats,1,5,Billy Joe,16:21,Shave fresh tonight...lol,Billy Joe: 오늘 밤 깔끔하게 면도해... 하하.  
470,PJ chats,1,5,decoy,16:21,Lol ok. Ok shave like u said?,"decoy: 하하, 알겠어. 네가 말한 대로 면도할까?  "
471,PJ chats,1,5,Billy Joe,16:21,Just a little stripe...can u?,Billy Joe: 그냥 조금 줄만 남겨줘... 할 수 있어?  
472,PJ chats,1,5,Billy Joe,16:22,Omg..I hope I can trust U. And u haven't told anyone..I'm nervous too,Billy Joe: 세상에.. 네가 나를 믿을 수 있기를 바래. 그리고 아무에게도 말하지 않았지.. 나도 긴장돼.  
473,PJ chats,1,5,decoy,16:22,U want me to text u as I am leaving to walk there? Yes I think I can so a stripe lol,"decoy: 내가 나가서 걸어갈 때 너에게 문자해줄까? 응, 줄을 남길 수 있을 것 같아, 하하.  "
474,PJ chats,1,5,decoy,16:22,Do a stripe lol,"decoy: 줄을 남겨, 하하.  "
475,PJ chats,1,5,decoy,16:22,Nobody R u crazy lol,"decoy: 아무도 아니야, 미쳤어? 하하.  "
476,PJ chats,1,5,decoy,16:22,How will I find u,decoy: 어떻게 너를 찾을 거야?  
477,PJ chats,1,5,Billy Joe,16:23,We can meet up as soon as I kno Ur there..don't kno yet. Will check it out tomorrow ok..,"Billy Joe: 네가 거기에 도착하면 바로 만날 수 있어.. 아직은 잘 모르겠어. 내일 확인해볼게, 알겠지?  "
478,PJ chats,1,5,decoy,16:24,Ok I don't wanna text near my mom cause I might look funny I promise will all my heart I will be there. I will wear a black tee shirt so u can see me and know it's me kk,"decoy: 오케이, 엄마 근처에서 문자하고 싶지 않아. 이상하게 보일 수도 있으니까. 나는 진심으로 거기에 있을 거라고 약속할게. 검은색 티셔츠를 입을 거니까 너가 나를 보고 내가 맞다는 걸 알 수 있을 거야.  "
479,PJ chats,1,5,decoy,16:24,So u want me to text u from the park or before I leave,"decoy: 그럼 공원에서 문자해줄까, 아니면 나가기 전에?  "
480,PJ chats,1,5,Billy Joe,16:25,Before U leave the house ok.,"Billy Joe: 집을 나가기 전에 문자해줘, 알겠지.  "
481,PJ chats,1,5,decoy,16:25,I will text u tomorrow I am so excited to meet u please please be nice to me I am so new at this :),decoy: 내일 문자할게. 너를 만나는 게 너무 기대돼. 제발 나에게 잘해줘. 나는 이게 처음이라서 너무 긴장돼 :)  
482,PJ chats,1,5,Billy Joe,16:26,U kno the park better than me. Maybe we can meet at the pond area,Billy Joe: 너가 공원을 나보다 더 잘 알잖아. 아마 연못 근처에서 만날 수 있을 거야.  
483,PJ chats,1,5,Billy Joe,16:27,I will i swear...treat U like the flower U r,Billy Joe: 나는 약속할게... 너를 꽃처럼 대할 거야.  
484,PJ chats,1,5,Billy Joe,16:28,What color skirt..Jean..short or longer,"Billy Joe: 어떤 색의 치마를 입을 거야? 청바지, 짧은 거 아니면 긴 거?"
485,PJ chats,1,5,decoy,16:28,Yes I think there is like a little house there too ok gotta go yeah excited!,"decoy: 응, 거기 작은 집 같은 것도 있는 것 같아. 오케이, 가야 해. 정말 신나!  "
486,PJ chats,1,5,Billy Joe,16:29,Yea..cabin house..bye,Billy Joe: 응.. 오두막 집.. 잘 가.
487,PJ chats,1,6,decoy,10:01,y I would get in sooo much trouble,decoy: 나 진짜 큰일 날 것 같아  
488,PJ chats,1,6,decoy,10:02,r u trying to bail on me :(((,decoy: 나한테서 빠져나가려고 하는 거야 :(((  
489,PJ chats,1,6,Billy Joe,10:07,No,Billy Joe: 아니  
490,PJ chats,1,6,Billy Joe,10:07,I wanna go badly..trust me,Billy Joe: 나 정말 가고 싶어.. 믿어줘  
491,PJ chats,1,6,decoy,10:09,Good :))),decoy: 좋네 :)))  
492,PJ chats,1,6,Billy Joe,10:09,Just don't wanna get hauled off in a striped car with numbers on it cause U set me up. I get there and get the surprise of my life .,Billy Joe: 그냥 너가 나를 함정에 빠뜨려서 줄무늬 차에 번호가 붙은 채로 끌려가는 건 싫어. 내가 거기 가면 인생 최고의 서프라이즈를 받게 될 거야.  
493,PJ chats,1,6,decoy,10:10,me either OMG I would be in soo much trouble,decoy: 나도 OMG 진짜 큰일 날 것 같아  
494,PJ chats,1,6,Billy Joe,10:10,With u not being legal and u doing that. It's a possibility I've thought of..,Billy Joe: 너가 법적으로 문제가 있고 그런 일을 한다면. 내가 생각해본 가능성이야..  
495,PJ chats,1,6,Billy Joe,10:11,U would not be in trouble .,Billy Joe: 너는 문제가 되지 않을 거야.  
496,PJ chats,1,6,Billy Joe,10:11,They would see you as a hero Because i'm older .,Billy Joe: 그들은 너를 영웅으로 볼 거야. 내가 더 나이가 많으니까.  
497,PJ chats,1,6,decoy,10:12,my mom would ground me for life for even talkin,decoy: 내 엄마는 심지어 이야기하는 것만으로도 나를 평생 방에 가두겠지.  
498,PJ chats,1,6,Billy Joe,10:12,You don't even have to do anything wrong..just getting me there to meet you Isn't doing anything wrong on your part,Billy Joe: 너는 잘못된 일을 할 필요도 없어.. 나를 만나러 가는 것만으로도 너의 잘못이 아니야.
499,PJ chats,1,6,Billy Joe,10:13,But yes all i have thought about is being with you,Billy Joe: 하지만 내가 생각한 건 너와 함께 있는 것뿐이야.  
500,PJ chats,1,6,Billy Joe,10:13,Starting to feel something for you,Billy Joe: 너에게 뭔가 느끼기 시작했어.  
501,PJ chats,1,6,decoy,10:13,My mom wouldn't care...,decoy: 내 엄마는 신경 쓰지 않을 거야...  
502,PJ chats,1,6,Billy Joe,10:13,But I wanna trust you so bad,Billy Joe: 하지만 나는 너를 정말 믿고 싶어.  
503,PJ chats,1,6,decoy,10:14,I have feelings for u 2 :))),decoy: 나도 너에게 감정이 있어 :)))  
504,PJ chats,1,6,Billy Joe,10:15,"How do i know you haven't told your mom, and you're both trying to get me there..you have to admit anything is possible","Billy Joe: 어떻게 네가 엄마에게 말하지 않았고, 둘 다 나를 거기로 데려가려고 하는지 알 수 있어.. 모든 가능성을 인정해야 해.  "
505,PJ chats,1,6,Billy Joe,10:15,You do know its normal for me to think about this right..all of the possibilities and what could go wrong,Billy Joe: 나도 이걸 생각하는 게 정상이라는 거 알지.. 모든 가능성과 잘못될 수 있는 것들에 대해.  
506,PJ chats,1,6,decoy,10:15,I am trusting u not to kill me :),"decoy: 나는 너를 믿고 있어, 나를 죽이지 않겠다고 :)  "
507,PJ chats,1,6,Billy Joe,10:16,Omg..Yea Rite,"Billy Joe: OMG.. 그래, 맞아.  "
508,PJ chats,1,6,decoy,10:16,I understand jus don know what I can do...,"decoy: 나는 이해해, 하지만 내가 뭘 할 수 있을지 모르겠어...  "
509,PJ chats,1,6,Billy Joe,10:16,You have my phone number and your mom has my phone records. My sisters boyfriends gmail account,"Billy Joe: 너는 내 전화번호를 알고 있고, 네 엄마는 내 전화 기록을 가지고 있어. 내 여동생의 남자친구의 Gmail 계정도.  "
510,PJ chats,1,6,Billy Joe,10:17,We're still going to meet today i just hope everything will be ok,"Billy Joe: 우리는 오늘 만날 거야, 그냥 모든 게 괜찮길 바래."
511,PJ chats,1,6,Billy Joe,10:17,All i wanna do is hold you At first until were both comfortable ok,"Billy Joe: 내가 원하는 건 처음에는 너를 안아주는 거야, 우리가 둘 다 편해질 때까지 괜찮지?  "
512,PJ chats,1,6,Billy Joe,10:18,Take it slow,Billy Joe: 천천히 가자.  
513,PJ chats,1,6,Billy Joe,10:18,I'm just as scared and excited as you are,Billy Joe: 나도 너만큼 무섭고 설레고 있어.  
514,PJ chats,1,6,decoy,10:18,Sounds good to me :))),decoy: 나한테는 좋게 들려 :)))  
515,PJ chats,1,6,Billy Joe,10:19,Less than 3 hours away Now....,Billy Joe: 이제 3시간도 안 남았어...  
516,PJ chats,1,6,Billy Joe,10:19,I promise to make your day nice,Billy Joe: 너의 하루를 멋지게 만들어줄게.  
517,PJ chats,1,6,Billy Joe,10:19,Just don't ruin my life please..,Billy Joe: 제발 내 인생을 망치지 마..  
518,PJ chats,1,6,decoy,10:20,Can't hardly wait :)))))),decoy: 기다릴 수 없어 :))))))  
519,PJ chats,1,6,decoy,10:20,I won't I swear,"decoy: 나는 안 그럴게, 맹세해.  "
520,PJ chats,1,6,Billy Joe,10:21,ok,Billy Joe: 좋아.  
521,PJ chats,1,6,Billy Joe,10:21,What time do you think you're going to start walking there,Billy Joe: 너는 언제쯤 거기로 걸어가기 시작할 것 같아?  
522,PJ chats,1,6,decoy,10:22,Omg I can't even concentrate on school now...,decoy: OMG 지금 학교에 집중도 못 하겠어...  
523,PJ chats,1,6,decoy,10:23,When u tell me...,decoy: 네가 말해줄 때...  
524,PJ chats,1,6,decoy,10:24,After mom leaves of course :),decoy: 엄마가 떠난 후에 물론 :)  
525,PJ chats,1,6,Billy Joe,10:24,If u Get there before me..Rite before the pond and that little house..there are picnic tables under like a coverd building. If no one is sitting there. U could go there..,Billy Joe: 네가 나보다 먼저 도착하면.. 연못 바로 앞에 있는 작은 집 근처에 피크닉 테이블이 있는 덮인 건물이 있어. 거기에 아무도 앉아 있지 않으면 거기로 가도 돼.  
526,PJ chats,1,6,decoy,10:25,ok,decoy: 알겠어.  
527,PJ chats,1,6,Billy Joe,10:25,Ok.. tell me when u start heading there ok and Tx when she leaves plz,"Billy Joe: 좋아.. 너가 거기로 가기 시작할 때 말해줘, 그리고 그녀가 떠날 때 문자해줘.  "
528,PJ chats,1,6,decoy,10:25,I will text u when she leaves she is getting on my case,"decoy: 그녀가 떠날 때 문자할게, 지금 나한테 잔소리하고 있어.  "
529,PJ chats,1,6,Billy Joe,10:25,Hope she really is going to work...lol,Billy Joe: 그녀가 정말로 일을 하러 가길 바래... ㅋㅋ  
530,PJ chats,1,6,decoy,10:26,Kk :),decoy: 알겠어 :)  
531,PJ chats,1,6,Billy Joe,10:26,K....Omg. she don't kno Ur texting Rite...,Billy Joe: 오mg. 그녀는 네가 문자하고 있는 걸 모르겠지...  
532,PJ chats,1,6,Billy Joe,10:27,Ok get sum work done,"Billy Joe: 좋아, 일 좀 해.  "
533,PJ chats,1,6,decoy,10:27,She doesn't know who just that I keep getting on my phone,"decoy: 그녀는 누가 문자하는지 모르고, 그냥 내가 계속 핸드폰을 만지고 있다고만 생각해.  "
534,PJ chats,1,6,Billy Joe,10:29,Erase Plzzzzz everything,Billy Joe: 제발 모든 걸 지워줘.  
535,PJ chats,1,6,decoy,10:29,I do... always,decoy: 나도... 항상 그래.
536,PJ chats,1,7,Billy Joe,12:24,?,Billy Joe: 뭐야?  
537,PJ chats,1,7,decoy,12:26,She is getting ready to leave,decoy: 그녀가 나갈 준비를 하고 있어.  
538,PJ chats,1,7,Billy Joe,12:26,Ok,Billy Joe: 알겠어.  
539,PJ chats,1,7,decoy,12:32,She just pulled out,decoy: 그녀가 방금 나갔어.  
540,PJ chats,1,7,Billy Joe,12:34,Ok..did u change clothes,Billy Joe: 알겠어.. 옷 바꿨니?  
541,PJ chats,1,7,decoy,12:36,well not yet... she just left,decoy: 아직 안 바꿨어... 그녀가 방금 나갔어.  
542,PJ chats,1,7,Billy Joe,12:36,Ok..change..lol...when I leaving,Billy Joe: 알겠어.. 바꿔.. 하하... 내가 언제 나가?  
543,PJ chats,1,7,decoy,12:37,changing.. when should I go,decoy: 바꾸고 있어.. 언제 가야 할까?  
544,PJ chats,1,7,Billy Joe,12:38,As soon as u change ok,"Billy Joe: 옷 바꾸자마자 가면 돼, 알겠지?  "
545,PJ chats,1,7,Billy Joe,12:38,Meet U there,Billy Joe: 거기서 만나.  
546,PJ chats,1,7,decoy,12:39,ok... will u be there soon I don't wanna sit by myself forever..,decoy: 알겠어... 곧 올 거야? 혼자 앉아 있고 싶지 않아.  
547,PJ chats,1,7,Billy Joe,12:39,I'm almost there Baby,"Billy Joe: 거의 다 왔어, 자기야.  "
548,PJ chats,1,7,Billy Joe,12:40,It's a beautiful day,Billy Joe: 날씨가 정말 좋아.  
549,PJ chats,1,7,Billy Joe,12:40,Little windy..but pretty,"Billy Joe: 바람이 조금 불긴 한데, 예쁘네.  "
550,PJ chats,1,7,decoy,12:40,oh ok I'll hurry,"decoy: 아, 알겠어. 서둘러야겠다.  "
551,PJ chats,1,7,Billy Joe,12:41,Yea. Hurry. What kind of skirt so I kno what to look for. Short or long..Jean?,"Billy Joe: 응. 서둘러. 어떤 치마 입을 건지 알려줘. 짧은 거야, 긴 거야? 청바지?  "
552,PJ chats,1,7,decoy,12:42,I got my jean skirt and black leggings,decoy: 청치마에 검은 레깅스를 입었어.  
553,PJ chats,1,7,Billy Joe,12:42,No bra...lol,Billy Joe: 브라 안 입었어... 하하.  
554,PJ chats,1,7,Billy Joe,12:42,Ok....what entrance U going in. At the big curvy top of hill?,Billy Joe: 알겠어... 어떤 입구로 들어갈 거야? 큰 구불구불한 언덕 꼭대기에서?  
555,PJ chats,1,7,decoy,12:43,I guess it's medium... lol,decoy: 중간 정도인 것 같아... 하하.  
556,PJ chats,1,7,decoy,12:44,it's faster for me to walk thru the back,decoy: 뒤쪽으로 걸어가는 게 더 빨라.  
557,PJ chats,1,7,Billy Joe,12:44,Ok,Billy Joe: 알겠어.  
558,PJ chats,1,7,decoy,12:44,What r u wearing so I know...,decoy: 너는 뭐 입고 있어? 알아야 할 것 같아서.  
559,PJ chats,1,7,Billy Joe,12:45,Ok..go threw the back..is the back closer to the pond,Billy Joe: 알겠어.. 뒤쪽으로 가. 뒤쪽이 연못에 더 가까워?  
560,PJ chats,1,7,Billy Joe,12:46,Jean black hoddi,Billy Joe: 검은 청바지에 후드티 입고 있어.  
561,PJ chats,1,7,decoy,12:46,yes,decoy: 응.  
562,PJ chats,1,7,Billy Joe,12:46,Ok. Tell me when u made it there,Billy Joe: 알겠어. 도착하면 알려줘.  
563,PJ chats,1,7,Billy Joe,12:47,No worries...I promise,Billy Joe: 걱정하지 마... 약속할게.  
564,PJ chats,1,7,decoy,12:51,I am leaving now,decoy: 지금 나가.  
565,PJ chats,1,7,Billy Joe,12:52,Ok.,Billy Joe: 알겠어.  
566,PJ chats,1,7,Billy Joe,12:52,Let me know when Ur here ok.,"Billy Joe: 여기 도착하면 알려줘, 알겠지?  "
567,PJ chats,1,7,decoy,12:52,still go to the picnic table by the cabin?,decoy: 오두막 옆 피크닉 테이블로 가는 거야?  
568,PJ chats,1,7,Billy Joe,12:53,No,Billy Joe: 아니.  
569,PJ chats,1,7,decoy,12:53,where then,decoy: 그럼 어디로 가?  
570,PJ chats,1,7,Billy Joe,12:53,Go by play area..,Billy Joe: 놀이 공간 쪽으로 가.  
571,PJ chats,1,7,decoy,12:54,ok which one,"decoy: 알겠어, 어느 쪽?  "
572,PJ chats,1,7,Billy Joe,12:54,Lots of people working here..could be hard...just keep coming tho,Billy Joe: 여기 일하는 사람들이 많아... 힘들 수도 있어... 그래도 계속 와.  
573,PJ chats,1,7,decoy,12:55,Ok,decoy: 알겠어.  
574,PJ chats,1,7,decoy,12:56,On my way :),decoy: 가는 중이야 :)  
575,PJ chats,1,7,Billy Joe,12:57,When u get here. We can meet up and walk together for a while and just talk ok.,"Billy Joe: 여기 도착하면 만나서 잠깐 같이 걷고 이야기하자, 알겠지?  "
576,PJ chats,1,7,decoy,12:57,Kk :),decoy: 알겠어 :)  
577,PJ chats,1,7,Billy Joe,12:58,I found a good spot....trust me..but we gotta walk together first..play it careful,Billy Joe: 좋은 자리를 찾았어... 나를 믿어.. 하지만 먼저 같이 걸어야 해.. 조심스럽게 행동하자.  
578,PJ chats,1,7,decoy,12:59,K about halfway there,decoy: 지금 반쯤 가는 중이야.  
579,PJ chats,1,8,Carlos Cabrera,22:07,Ok hello,Carlos Cabrera: 안녕  
580,PJ chats,1,8,decoy,22:11,heyy is this carlos,"decoy: 안녕, 이거 카를로스야?  "
581,PJ chats,1,8,Carlos Cabrera,22:11,Yes im,"Carlos Cabrera: 응, 나야  "
582,PJ chats,1,8,Carlos Cabrera,22:11,Mwwwak,Carlos Cabrera: Mwwwak  
583,PJ chats,1,8,Carlos Cabrera,22:11,Sexy,Carlos Cabrera: 섹시해  
584,PJ chats,1,8,decoy,22:13,^_^,decoy: ^_^  
585,PJ chats,1,8,Carlos Cabrera,22:14,What you doing bb,"Carlos Cabrera: 뭐 하고 있어, 베이비?  "
586,PJ chats,1,8,Carlos Cabrera,22:14,{=_=},Carlos Cabrera: {=_=}  
587,PJ chats,1,8,decoy,22:17,boredddd,decoy: 지루해  
588,PJ chats,1,8,Carlos Cabrera,22:18,I like to be there to bad you're not boring,"Carlos Cabrera: 네가 지루하지 않아서 아쉽다, 나는 거기 가고 싶어  "
589,PJ chats,1,8,Carlos Cabrera,22:19,I dread going to see that you are a minor,Carlos Cabrera: 네가 미성년자라는 게 걱정돼  
590,PJ chats,1,8,decoy,22:20,huh,decoy: huh  
591,PJ chats,1,8,Carlos Cabrera,22:20,Mee,Carlos Cabrera: 나도  
592,PJ chats,1,8,Carlos Cabrera,22:22,me cz. You are so. young,Carlos Cabrera: 너가 너무 젊어서 그래  
593,PJ chats,1,8,decoy,22:23,:( u dont like me?,decoy: :( 나를 싫어하는 거야?  
594,PJ chats,1,8,Carlos Cabrera,22:23,What i dont like you,Carlos Cabrera: 내가 너를 싫어한다고?  
595,PJ chats,1,8,Carlos Cabrera,22:23,Wowww,Carlos Cabrera: 와우  
596,PJ chats,1,8,Carlos Cabrera,22:23,Ok,Carlos Cabrera: 알겠어  
597,PJ chats,1,8,decoy,22:26,im confused,decoy: 혼란스러워  
598,PJ chats,1,8,Carlos Cabrera,22:27,Yea you like me so much,"Carlos Cabrera: 응, 너 나를 정말 좋아하잖아  "
599,PJ chats,1,8,decoy,22:29,haha do u like me,"decoy: 하하, 너는 나를 좋아해?  "
600,PJ chats,1,8,Carlos Cabrera,22:29,Yeaaa you like mee,"Carlos Cabrera: 응, 너 나를 좋아해  "
601,PJ chats,1,8,decoy,22:31,ya :),decoy: 응 :)  
602,PJ chats,1,8,Carlos Cabrera,22:33,Yea,Carlos Cabrera: 응  
603,PJ chats,1,8,Carlos Cabrera,22:33,Tell me you want me,Carlos Cabrera: 나를 원한다고 말해줘  
604,PJ chats,1,8,decoy,22:34,hahaha y :P,"decoy: 하하하, 응 :P  "
605,PJ chats,1,8,Carlos Cabrera,22:35,Yes or not,Carlos Cabrera: 예 아니면 아니야  
606,PJ chats,1,8,decoy,22:36,idk what u mean,decoy: 네가 무슨 뜻인지 모르겠어  
607,PJ chats,1,8,Carlos Cabrera,22:38,I say if you want to be wz mee,"Carlos Cabrera: 내가 말하는 건, 네가 나랑 함께 있고 싶다는 거야  "
608,PJ chats,1,8,decoy,22:39,ya your cool :),"decoy: 응, 너 멋져 :)  "
609,PJ chats,1,8,Carlos Cabrera,22:40,would you be my love,Carlos Cabrera: 나의 사랑이 되어줄래?  
610,PJ chats,1,8,Carlos Cabrera,22:41,you speak awful,Carlos Cabrera: 너 말하는 게 별로야  
611,PJ chats,1,8,Carlos Cabrera,22:42,you speak Spanish,Carlos Cabrera: 너 스페인어 할 줄 알아?  
612,PJ chats,1,8,decoy,22:44,i dont speak awful :( no i only speak english,"decoy: 나는 별로 못해 :( 아니, 나는 영어만 해  "
613,PJ chats,1,8,Carlos Cabrera,22:44,ok its ok bb,"Carlos Cabrera: 괜찮아, 베이비  "
614,PJ chats,1,8,Carlos Cabrera,22:44,And tell me what you doing now,Carlos Cabrera: 지금 뭐 하고 있는지 말해줘  
615,PJ chats,1,8,Carlos Cabrera,22:45,You are in youre bad readdy,Carlos Cabrera: 너는 나쁜 상태에 있어  
616,PJ chats,1,8,decoy,22:46,im laying in bed,decoy: 나는 침대에 누워 있어  
617,PJ chats,1,8,Carlos Cabrera,22:46,I want be there wz you,Carlos Cabrera: 너와 함께 있고 싶어  
618,PJ chats,1,8,decoy,22:57,:),decoy: :)  
619,PJ chats,1,8,Carlos Cabrera,22:57,What bb,"Carlos Cabrera: 뭐야, 베이비  "
620,PJ chats,1,8,Carlos Cabrera,22:57,O:-),Carlos Cabrera: O:-)  
621,PJ chats,1,8,decoy,22:59,i want u here with me to lol,"decoy: 나도 너가 여기 있으면 좋겠어, 하하  "
622,PJ chats,1,8,Carlos Cabrera,23:04,Me two bb i would LOVE be there wz you,"Carlos Cabrera: 나도, 베이비, 너와 함께 있고 싶어 정말 사랑해  "
623,PJ chats,1,8,decoy,23:07,i cant drive though :(,decoy: 하지만 나는 운전할 수 없어 :(  
624,PJ chats,1,8,Carlos Cabrera,23:09,yo handling,Carlos Cabrera: 나 잘 지내고 있어  
625,PJ chats,1,8,decoy,23:10,what,decoy: 뭐?  
626,PJ chats,1,8,Carlos Cabrera,23:11,I Drive bb i have my car,"Carlos Cabrera: 나는 운전해, 베이비, 내 차가 있어  "
627,PJ chats,1,8,decoy,23:14,what do you want to do :),decoy: 뭐 하고 싶어? :)  
628,PJ chats,1,8,Carlos Cabrera,23:15,Everithing bb,"Carlos Cabrera: 모든 걸 하고 싶어, 베이비  "
629,PJ chats,1,8,Carlos Cabrera,23:16,Yuo want me go se you now,Carlos Cabrera: 너 나를 지금 보러 오고 싶어?  
630,PJ chats,1,8,decoy,23:19,like what? we cant now my mom is home,"decoy: 뭐처럼? 지금은 안 돼, 엄마가 집에 있어  "
631,PJ chats,1,8,Carlos Cabrera,23:22,I would kiss you touch you feel rich,"Carlos Cabrera: 나는 너에게 키스하고, 만지고, 느끼고 싶어  "
632,PJ chats,1,8,decoy,23:24,touch me where? :) :P,decoy: 어디 만지고 싶어? :) :P  
633,PJ chats,1,8,Carlos Cabrera,23:25,Where you thing i want touch you,Carlos Cabrera: 네가 생각하는 곳이야  
634,PJ chats,1,8,decoy,23:28,i dont know..you tell me hehehe,"decoy: 잘 모르겠어.. 너가 말해줘, 헤헤  "
635,PJ chats,1,8,Carlos Cabrera,23:31,All youre sexy boddy bb,Carlos Cabrera: 너의 섹시한 몸 전체  
636,PJ chats,1,8,decoy,23:32,:),decoy: :)  
637,PJ chats,1,8,Carlos Cabrera,23:43,you dont want me make love two you,Carlos Cabrera: 너는 내가 너와 사랑을 나누는 걸 원하지 않아?  
638,PJ chats,1,8,Carlos Cabrera,23:51,Ji,Carlos Cabrera: 지!  
639,PJ chats,1,8,Carlos Cabrera,0:06,Were you go,Carlos Cabrera: 어디 가?  
640,PJ chats,1,9,Carlos Cabrera,8:06,Helloooo,Carlos Cabrera: 안녕하세요!
641,PJ chats,1,10,decoy,9:06,heyy sorry I fell asleep last night :P,"헤이, 미안해. 어젯밤에 잠들었어 :P  "
642,PJ chats,1,10,Carlos Cabrera,9:18,Its ok my love,"카를로스 카브레라: 괜찮아, 내 사랑.  "
643,PJ chats,1,10,decoy,9:20,:),데코이: :)
644,PJ chats,1,10,Carlos Cabrera,9:28,IM WOORK,카를로스 카브레라: 지금 일하고 있어.  
645,PJ chats,1,10,Carlos Cabrera,9:28,NOW. BB,카를로스 카브레라: 지금. BB  
646,PJ chats,1,10,decoy,9:38,oh im at school,"데코이: 오, 나는 학교에 있어."
647,PJ chats,1,10,Carlos Cabrera,9:39,Ummm nice,"카를로스 카브레라: 음, 좋네.  "
648,PJ chats,1,10,Carlos Cabrera,9:40,I love uu so mucho mwwwa,"카를로스 카브레라: 너를 정말 많이 사랑해, 뽀뽀.  "
649,PJ chats,1,10,decoy,9:42,muahhh,데코이: 뽀뽀~
650,PJ chats,1,10,Carlos Cabrera,9:46,OK TEX AT LUNCH TIME,카를로스 카브레라: 점심 시간에 문자할게.  
651,PJ chats,1,10,decoy,9:47,kk bye have fun,"데코이: 알겠어, 잘 가. 재밌게 놀아.  "
652,PJ chats,1,10,Carlos Cabrera,9:48,Fun haha not BB im woork now,"카를로스 카브레라: 재밌긴 하겠지만, 지금은 일하고 있어."
653,PJ chats,1,11,Carlos Cabrera,13:42,Bb were u are,Carlos Cabrera: 너 어디야?  
654,PJ chats,1,11,Carlos Cabrera,13:42,Hii,Carlos Cabrera: 안녕  
655,PJ chats,1,11,Carlos Cabrera,13:53,My love,Carlos Cabrera: 내 사랑  
656,PJ chats,1,11,decoy,14:18,hiii,decoy: 안녕  
657,PJ chats,1,11,Carlos Cabrera,14:19,Were you are,Carlos Cabrera: 너 어디야?  
658,PJ chats,1,11,decoy,14:23,at home,decoy: 집에 있어  
659,PJ chats,1,11,Carlos Cabrera,14:23,Can i calle you,Carlos Cabrera: 전화해도 될까?  
660,PJ chats,1,11,decoy,14:25,no my mom is home,"decoy: 아니, 엄마가 집에 있어  "
661,PJ chats,1,11,Carlos Cabrera,14:25,Hooo ok no problem,"Carlos Cabrera: 오, 알겠어, 문제 없어  "
662,PJ chats,1,11,Carlos Cabrera,14:26,And how its everithing. Wz. You,Carlos Cabrera: 그리고 모든 게 어때? 너는?  
663,PJ chats,1,11,Carlos Cabrera,14:26,REALLY I WANT SE YOU SOMEWHERE,Carlos Cabrera: 정말 너를 어딘가에서 보고 싶어  
664,PJ chats,1,11,decoy,14:28,good you? we have to wait until my mom works! what would you want to do,decoy: 잘 지내? 우리는 엄마가 일할 때까지 기다려야 해! 뭐 하고 싶어?  
665,PJ chats,1,11,Carlos Cabrera,14:28,I WANT ALL. YOU BB,"Carlos Cabrera: 나는 모든 걸 원해. 너를, 베이비  "
666,PJ chats,1,11,Carlos Cabrera,14:29,THAS ONLY I WANT IT YOU,Carlos Cabrera: 그게 내가 원하는 전부야  
667,PJ chats,1,11,decoy,14:30,what do you mean,decoy: 무슨 뜻이야?  
668,PJ chats,1,11,Carlos Cabrera,14:30,LOVE MAKE LOVE TWO YOU,"Carlos Cabrera: 사랑하고 싶어, 너와 함께  "
669,PJ chats,1,11,decoy,14:33,:) <3,decoy: :) <3  
670,PJ chats,1,11,Carlos Cabrera,14:33,What you Do not want two,Carlos Cabrera: 너는 원하지 않는 게 뭐야?  
671,PJ chats,1,11,decoy,14:34,i don't know exactly what you want to do,decoy: 내가 정확히 너가 뭘 하고 싶은지 모르겠어.  
672,PJ chats,1,11,Carlos Cabrera,14:35,Ummmm,Carlos Cabrera: 음...  
673,PJ chats,1,11,decoy,14:38,?,decoy: ?  
674,PJ chats,1,11,Carlos Cabrera,14:40,I WANT MAKE SEX TWO YOU YOU LIKE ME MAKE TWO YOU,"Carlos Cabrera: 나는 너와 섹스를 하고 싶어, 너도 나를 좋아하잖아.  "
675,PJ chats,1,11,decoy,14:41,u want to have sex with me? :),decoy: 나랑 섹스를 하고 싶어? :)  
676,PJ chats,1,11,Carlos Cabrera,14:42,Yeaaa,Carlos Cabrera: 응!  
677,PJ chats,1,11,decoy,14:43,how can we?i cant drive since im 14 lol,"decoy: 어떻게 할 수 있을까? 나는 14살이라 운전할 수 없어, 하하.  "
678,PJ chats,1,11,Carlos Cabrera,14:44,YOU NEVER MAKE SEX,Carlos Cabrera: 너는 한 번도 섹스를 해본 적이 없어.  
679,PJ chats,1,11,Carlos Cabrera,14:44,BUT I DONT KNOW YOU LIKE ME AND I WOULD LOVE MAKE WIHT YOU,"Carlos Cabrera: 하지만 나는 네가 나를 좋아하는지 모르겠고, 너와 함께 하고 싶어.  "
680,PJ chats,1,11,decoy,14:45,i have before :),decoy: 나는 전에 해본 적 있어 :)  
681,PJ chats,1,11,Carlos Cabrera,14:46,Yea you Do before,"Carlos Cabrera: 응, 너 해본 적 있지.  "
682,PJ chats,1,11,decoy,14:49,huh,decoy: huh  
683,PJ chats,1,11,Carlos Cabrera,14:52,BUT TELL ME YOU LIKE HAVE SEX WIHT ME,Carlos Cabrera: 하지만 나에게 너가 나와 섹스를 하고 싶다고 말해줘.  
684,PJ chats,1,11,decoy,14:52,ya i would if u want to!,"decoy: 응, 원한다면 할 수 있어!  "
685,PJ chats,1,11,Carlos Cabrera,14:56,Yea i want bb,"Carlos Cabrera: 응, 나도 원해, 베이비.  "
686,PJ chats,1,11,decoy,14:57,where would we go,decoy: 어디로 갈까?  
687,PJ chats,1,11,decoy,14:58,im going to take a nap.ill text u when i wake up,decoy: 나는 낮잠을 잘 거야. 일어나면 문자할게.  
688,PJ chats,1,11,Carlos Cabrera,14:59,were i thing wee go hotel,Carlos Cabrera: 나는 우리가 호텔에 가야 한다고 생각해.  
689,PJ chats,1,12,Carlos Cabrera,18:29,Hello,Carlos Cabrera: 안녕  
690,PJ chats,1,12,decoy,18:37,hii :),decoy: 안녕 :)  
691,PJ chats,1,12,Carlos Cabrera,18:37,What you doing,Carlos Cabrera: 뭐 하고 있어?  
692,PJ chats,1,12,decoy,18:39,just woke up lol,decoy: 방금 일어났어 lol  
693,PJ chats,1,12,Carlos Cabrera,18:40,that good why not invite me to walk with you,"Carlos Cabrera: 좋네, 왜 나를 초대하지 않았어? 같이 걸어가자.  "
694,PJ chats,1,12,decoy,18:43,huh lol,decoy: huh lol  
695,PJ chats,1,12,Carlos Cabrera,18:44,What you think of what we were talking earlier,Carlos Cabrera: 우리가 아까 이야기했던 거에 대해 어떻게 생각해?  
696,PJ chats,1,12,Carlos Cabrera,18:44,Tell me,Carlos Cabrera: 말해줘.  
697,PJ chats,1,12,Carlos Cabrera,19:00,Ummm,Carlos Cabrera: 음...  
698,PJ chats,1,12,decoy,19:04,i was sleeping,decoy: 나는 자고 있었어.  
699,PJ chats,1,12,Carlos Cabrera,19:17,Ummm realyy u sleeping two much,"Carlos Cabrera: 음, 정말? 너무 많이 자고 있네.  "
700,PJ chats,1,12,decoy,19:28,i was tired lol,decoy: 피곤했어 lol  
701,PJ chats,1,12,Carlos Cabrera,19:30,as your cast all day you're tired,Carlos Cabrera: 하루 종일 캐스트하고 있으니 피곤하지.  
702,PJ chats,1,12,Carlos Cabrera,19:31,I would like sleeping wz you,Carlos Cabrera: 너랑 같이 자고 싶어.  
703,PJ chats,1,12,decoy,19:50,i would like that too :),decoy: 나도 그렇게 하고 싶어 :)  
704,PJ chats,1,12,Carlos Cabrera,19:56,I want be there my love can i go now,"Carlos Cabrera: 사랑, 지금 가도 될까?  "
705,PJ chats,1,12,decoy,20:01,my moms home!what days do you work,decoy: 우리 엄마가 집에 있어! 너는 언제 일해?  
706,PJ chats,1,12,Carlos Cabrera,20:08,i work every just sonday of,"Carlos Cabrera: 나는 매일 일해, 일요일만 쉬어.  "
707,PJ chats,1,12,decoy,20:10,what time do you work,decoy: 몇 시에 일해?  
708,PJ chats,1,12,Carlos Cabrera,20:11,7 am two 5 ore 6 pm,Carlos Cabrera: 오전 7시부터 오후 5시 또는 6시까지.  
709,PJ chats,1,12,decoy,20:14,oh what do you do,"decoy: 오, 무슨 일을 해?  "
710,PJ chats,1,12,Carlos Cabrera,20:15,"I,m a carpinter",Carlos Cabrera: 나는 목수야.  
711,PJ chats,1,12,Carlos Cabrera,20:15,Make a new houses,Carlos Cabrera: 새 집을 짓고 있어.
712,PJ chats,1,12,decoy,20:17,oh cool!,"decoy: 오, 멋지다!  "
713,PJ chats,1,12,Carlos Cabrera,20:33,Ummm,Carlos Cabrera: 음...  
714,PJ chats,1,12,decoy,20:33,?,decoy: ?  
715,PJ chats,1,12,Carlos Cabrera,20:38,I want se you bb,"Carlos Cabrera: 너를 보고 싶어, 베이비.  "
716,PJ chats,1,12,Carlos Cabrera,20:39,How we can do,Carlos Cabrera: 어떻게 할 수 있을까?  
717,PJ chats,1,12,Carlos Cabrera,20:39,Can you sand a sexy PHOTO,Carlos Cabrera: 섹시한 사진을 보낼 수 있어?  
718,PJ chats,1,12,decoy,20:41,i dont know since you work a lot. i cant send pics through text only email,decoy: 나는 네가 많이 일하니까 잘 모르겠어. 문자로는 사진을 보낼 수 없고 이메일로만 보낼 수 있어.  
719,PJ chats,1,12,Carlos Cabrera,20:43,Yea i work Hart bb,"Carlos Cabrera: 응, 나는 열심히 일해, 베이비.  "
720,PJ chats,1,12,Carlos Cabrera,20:44,but life is not so if we do not work live,Carlos Cabrera: 하지만 우리가 일하지 않으면 삶이 그렇게 재미없어.  
721,PJ chats,1,12,decoy,20:45,i dont know how we can see eachother since you work a lot,decoy: 네가 많이 일하니까 우리가 어떻게 서로 볼 수 있을지 모르겠어.  
722,PJ chats,1,12,Carlos Cabrera,20:48,I lost youre msj,Carlos Cabrera: 너의 메시지를 잃어버렸어.  
723,PJ chats,1,12,decoy,20:54,i dont know how we can see eachother since you work a lot,decoy: 네가 많이 일하니까 우리가 어떻게 서로 볼 수 있을지 모르겠어.  
724,PJ chats,1,12,Carlos Cabrera,20:56,I can meet your day to tell me that's no problem for me to work,"Carlos Cabrera: 나는 너와 만날 수 있어. 너가 말해주면, 일하는 데는 문제가 없어.  "
725,PJ chats,1,12,Carlos Cabrera,20:57,How but ween you are in the school i go and se you there,Carlos Cabrera: 너가 학교에 있을 때 내가 가서 너를 볼 수 있어.  
726,PJ chats,1,12,decoy,20:57,what?,decoy: 뭐라고?  
727,PJ chats,1,12,Carlos Cabrera,20:59,tell me when you say that we know where I will be your,Carlos Cabrera: 네가 말할 때 내가 어디에 있을지 알 수 있도록 말해줘.  
728,PJ chats,1,12,decoy,21:02,idk what your saying,decoy: 네가 무슨 말을 하는지 모르겠어.  
729,PJ chats,1,12,Carlos Cabrera,21:04,UMMMN. ASSHHHH,Carlos Cabrera: 음... 아아아아!  
730,PJ chats,1,12,Carlos Cabrera,21:05,Y SAYING WEEN YOU HAVE OPORTUNITI AND CAN GOO SE YOU JUST U HAS TWO LET ME KNOW AND I BE THERE,"Carlos Cabrera: 네가 기회가 있을 때 나를 볼 수 있다고 알려주면, 나는 거기에 있을 거야.  "
731,PJ chats,1,12,decoy,21:07,how if you work so much,decoy: 네가 그렇게 많이 일하는데 어떻게 해?  
732,PJ chats,1,12,Carlos Cabrera,21:08,Ist not a problem i get off,"Carlos Cabrera: 문제 없어, 나는 퇴근할 수 있어.  "
733,PJ chats,1,12,decoy,21:13,oh :) ok i will find out when my mom works and then we can! she works 2pm-10pm,"decoy: 오 :) 좋아, 엄마가 언제 일하는지 알아볼게. 그러면 우리는 만날 수 있어! 그녀는 오후 2시부터 10시까지 일해.  "
734,PJ chats,1,12,Carlos Cabrera,21:18,Uuu nice bb yeaa cuz really i want kiss you every were,"Carlos Cabrera: 우와, 좋다 베이비. 정말로 너를 어디서든 키스하고 싶어."
735,PJ chats,1,12,decoy,21:18,ya i would like that :),"decoy: 응, 나도 그렇게 하고 싶어 :)  "
736,PJ chats,1,12,Carlos Cabrera,21:18,And tell me what you thing a but the sex,Carlos Cabrera: 그리고 섹스에 대해 어떻게 생각하는지 말해줘.  
737,PJ chats,1,12,Carlos Cabrera,21:19,ummm me two my love,"Carlos Cabrera: 음, 나도 내 사랑.  "
738,PJ chats,1,12,decoy,21:24,what do you mean,decoy: 무슨 뜻이야?  
739,PJ chats,1,12,Carlos Cabrera,21:26,Just i want know what you thing a but ofrece sex if you like or not just tell me,Carlos Cabrera: 그냥 네가 섹스에 대해 어떻게 생각하는지 알고 싶어. 좋아하는지 아니면 그냥 말해줘.  
740,PJ chats,1,12,decoy,21:28,i had sex before with my old boyfriend,decoy: 나는 예전 남자친구와 섹스를 해본 적이 있어.  
741,PJ chats,1,12,Carlos Cabrera,21:30,Really and how u file,Carlos Cabrera: 정말? 기분이 어땠어?  
742,PJ chats,1,12,decoy,21:30,yeah,decoy: 응.  
743,PJ chats,1,12,Carlos Cabrera,21:30,Umm ok,"Carlos Cabrera: 음, 알겠어.  "
744,PJ chats,1,12,Carlos Cabrera,21:31,And do u want have sex wiht me,Carlos Cabrera: 그리고 나와 섹스를 하고 싶어?  
745,PJ chats,1,12,decoy,21:32,i do if you do,decoy: 네가 원한다면 나도 원해.  
746,PJ chats,1,12,Carlos Cabrera,21:33,Yea i do i love and i like,"Carlos Cabrera: 응, 나도 원해. 사랑하고 좋아해.  "
747,PJ chats,1,12,decoy,21:33,im afraid of getting pregnant,decoy: 임신할까 봐 걱정돼.  
748,PJ chats,1,12,Carlos Cabrera,21:34,You never getting pregnant,Carlos Cabrera: 너는 절대 임신하지 않을 거야.  
749,PJ chats,1,12,Carlos Cabrera,21:34,Cuz we has. See that,Carlos Cabrera: 왜냐하면 우리는... 그걸 알아야 해.  
750,PJ chats,1,12,decoy,21:36,see what?if you sent me a pic...i dont get pics on text,decoy: 뭐를 알아야 해? 네가 사진을 보내준다면... 나는 문자로 사진을 받지 않아.  
751,PJ chats,1,12,Carlos Cabrera,21:38,NO I SAYING WE HAS TWO BIKERFOL WIHT THE PREGNAT,"Carlos Cabrera: 아니, 내가 말하는 건 우리가 임신에 대해 조심해야 한다는 거야.  "
752,PJ chats,1,12,decoy,21:38,yes we have to be careful,"decoy: 응, 우리는 조심해야 해.  "
753,PJ chats,1,12,Carlos Cabrera,21:39,Yea i know that bb,"Carlos Cabrera: 응, 그거 알아. 베이비.  "
754,PJ chats,1,12,Carlos Cabrera,21:40,And how u like the deek big or smoll,"Carlos Cabrera: 그리고 너는 큰 걸 좋아해, 작은 걸 좋아해?  "
755,PJ chats,1,12,decoy,21:43,haha idk,"decoy: 하하, 잘 모르겠어.  "
756,PJ chats,1,12,Carlos Cabrera,21:44,Tell me how big you like,Carlos Cabrera: 네가 얼마나 큰 걸 좋아하는지 말해줘.  
757,PJ chats,1,12,decoy,21:48,doesnt matter to me lol,decoy: 나에게는 상관없어 lol.
758,PJ chats,1,12,Carlos Cabrera,21:49,ummm ok but i Lite do you tell,"Carlos Cabrera: 음, 알겠어. 하지만 네가 좋아하는 걸 말해줘.  "
759,PJ chats,1,12,Carlos Cabrera,21:49,Me what you like,Carlos Cabrera: 네가 좋아하는 게 뭐야?  
760,PJ chats,1,12,decoy,21:51,idccc,decoy: 잘 모르겠어.  
761,PJ chats,1,12,Carlos Cabrera,21:52,tell me pleace,Carlos Cabrera: 제발 말해줘.  
762,PJ chats,1,12,Carlos Cabrera,21:54,you can not imagine how I am now,Carlos Cabrera: 지금 내가 어떤 기분인지 상상도 못할 거야.  
763,PJ chats,1,12,decoy,21:56,why,decoy: 왜?  
764,PJ chats,1,12,Carlos Cabrera,21:57,I think of you that why I'm so,Carlos Cabrera: 너를 생각하고 있어서 그래. 그래서 이렇게 된 거야.  
765,PJ chats,1,12,decoy,21:59,im confused,decoy: 혼란스러워.  
766,PJ chats,1,12,Carlos Cabrera,22:00,"i saying i thing on you that why i,m like that",Carlos Cabrera: 내가 너를 생각하고 있다고 말하는 거야. 그래서 내가 이렇게 된 거야.  
767,PJ chats,1,12,Carlos Cabrera,22:01,"You want know how i, m",Carlos Cabrera: 내가 어떻게 지내는지 알고 싶어?  
768,PJ chats,1,12,decoy,22:10,i have to go to bed im tired,decoy: 나는 피곤해서 자러 가야 해.  
769,PJ chats,1,12,Carlos Cabrera,22:10,Not why adn you live me olone,Carlos Cabrera: 왜 안 돼? 나를 혼자 두지 마.  
770,PJ chats,1,12,Carlos Cabrera,22:11,I whant go to youre bed two,Carlos Cabrera: 나도 너의 침대로 가고 싶어.  
771,PJ chats,1,12,decoy,22:13,i wish but my mom is home lol,decoy: 그렇게 하고 싶지만 엄마가 집에 있어 lol.  
772,PJ chats,1,12,Carlos Cabrera,22:14,Let me go in by. The windous,Carlos Cabrera: 창문으로 들어가게 해줘.  
773,PJ chats,1,12,decoy,22:15,hahaha no way I will get in trouble by my mom!,"decoy: 하하하, 절대 안 돼! 엄마한테 혼날 거야!  "
774,PJ chats,1,12,Carlos Cabrera,22:16,Ummm ok maybee you come up,"Carlos Cabrera: 음, 알겠어. 아마 너가 올라올 수 있을 거야.  "
775,PJ chats,1,12,decoy,22:18,not tonight lol. i will text you tomorrow goodnight :),"decoy: 오늘 밤은 안 돼 lol. 내일 문자할게, 잘 자 :)  "
776,PJ chats,1,12,Carlos Cabrera,22:18,Ok,Carlos Cabrera: 알겠어.  
777,PJ chats,1,12,Carlos Cabrera,22:19,And tell me how you are on youre bed you have clothes or not,Carlos Cabrera: 그리고 네가 침대에서 어떻게 지내는지 말해줘. 옷을 입고 있어?  
778,PJ chats,1,12,decoy,22:20,yeah i have tshirt and underwear on,"decoy: 응, 티셔츠와 속옷을 입고 있어.  "
779,PJ chats,1,12,Carlos Cabrera,22:22,ummm that rich why do not you take your clothes and play,"Carlos Cabrera: 음, 그거 좋네. 왜 옷을 벗고 놀지 않아?  "
780,PJ chats,1,12,decoy,22:26,idk lol. im going to sleep goodnight :),"decoy: 잘 모르겠어 lol. 나는 잘 거야, 잘 자 :)"
781,PJ chats,1,12,Carlos Cabrera,22:26,NOT BB NOT GO,"Carlos Cabrera: 안 돼, 베이비. 가지 마.  "
782,PJ chats,1,12,Carlos Cabrera,22:26,PLAY WIHT ME,Carlos Cabrera: 나와 놀아.
783,PJ chats,1,13,Carlos Cabrera,14:00,Hii how are u,"Carlos Cabrera: 안녕, 어떻게 지내?"
784,PJ chats,1,14,Carlos Cabrera,15:54,Were u are bb,Carlos Cabrera: 너 어디야?  
785,PJ chats,1,14,Carlos Cabrera,16:07,Hiii,Carlos Cabrera: 안녕!  
786,PJ chats,1,14,Carlos Cabrera,16:08,Bb were you are,Carlos Cabrera: 너 어디에 있어?  
787,PJ chats,1,14,decoy,16:14,my house,decoy: 내 집이야.  
788,PJ chats,1,14,Carlos Cabrera,16:14,And you mon its there,Carlos Cabrera: 너는 그곳에 있어?  
789,PJ chats,1,14,decoy,16:16,ya. she works monday,decoy: 응. 그녀는 월요일에 일해.  
790,PJ chats,1,14,Carlos Cabrera,16:19,Ammm ok,"Carlos Cabrera: 음, 알겠어.  "
791,PJ chats,1,14,decoy,16:21,?,decoy: ?  
792,PJ chats,1,14,Carlos Cabrera,16:21,Love u,Carlos Cabrera: 사랑해.  
793,PJ chats,1,14,decoy,16:22,:) <3,decoy: :) <3  
794,PJ chats,1,14,Carlos Cabrera,16:23,UMMMMM mwwwwak,Carlos Cabrera: 음... 뽀뽀할게.  
795,PJ chats,1,14,decoy,16:24,:),decoy: :)  
796,PJ chats,1,14,Carlos Cabrera,16:25,What,Carlos Cabrera: 뭐라고?  
797,PJ chats,1,14,Carlos Cabrera,16:25,What u doing,Carlos Cabrera: 뭐 하고 있어?  
798,PJ chats,1,14,decoy,16:27,laying in bed im tired,"decoy: 침대에 누워 있어, 피곤해.  "
799,PJ chats,1,14,decoy,16:33,im going to sleep ill text u later,"decoy: 잠잘 거야, 나중에 문자할게.  "
800,PJ chats,1,15,decoy,19:21,heyyy,heyyy  
